texte_id,colonne,nombre_subordonnees_qui,proportion_subordonnees_qui,nombre_subordonnees_que,proportion_subordonnees_que,nombre_subordonnees_prep_lequel,proportion_subordonnees_prep_lequel,nombre_subordonnees_dont,proportion_subordonnees_dont,nombre_completives,proportion_completives,nombre_hypothetiques,proportion_hypothetiques,nombre_gerondif,proportion_gerondif,nombre_incises,proportion_incises,nombre_propositions_coordonnees,proportion_propositions_coordonnees
1,Texte,0,0.0,0,0.0,0,0.0,0,0.0,0,0.0,0,0.0,0,0.0,1,1.0,0,0.0
2,Texte,0,0.0,0,0.0,0,0.0,0,0.0,1,1.0,0,0.0,0,0.0,5,5.0,0,0.0
3,Texte,0,0.0,0,0.0,0,0.0,0,0.0,1,1.0,0,0.0,0,0.0,1,1.0,0,0.0
4,Texte,0,0.0,0,0.0,0,0.0,0,0.0,2,2.0,0,0.0,0,0.0,4,4.0,1,1.0
5,Texte,0,0.0,0,0.0,0,0.0,0,0.0,0,0.0,0,0.0,0,0.0,2,2.0,0,0.0
6,Texte,0,0.0,0,0.0,1,1.0,0,0.0,1,1.0,0,0.0,0,0.0,1,1.0,0,0.0
7,Texte,0,0.0,0,0.0,0,0.0,0,0.0,2,2.0,0,0.0,0,0.0,2,2.0,0,0.0
8,Texte,0,0.0,0,0.0,0,0.0,0,0.0,2,2.0,0,0.0,0,0.0,0,0.0,0,0.0
9,Texte,0,0.0,0,0.0,0,0.0,0,0.0,0,0.0,0,0.0,0,0.0,3,3.0,0,0.0
10,Texte,0,0.0,0,0.0,0,0.0,0,0.0,0,0.0,0,0.0,0,0.0,0,0.0,0,0.0
11,Texte,0,0.0,0,0.0,0,0.0,0,0.0,0,0.0,0,0.0,0,0.0,0,0.0,0,0.0
12,Texte,0,0.0,0,0.0,0,0.0,0,0.0,0,0.0,0,0.0,0,0.0,4,4.0,0,0.0
13,Texte,0,0.0,0,0.0,0,0.0,0,0.0,0,0.0,0,0.0,0,0.0,1,1.0,0,0.0
14,Texte,0,0.0,0,0.0,0,0.0,0,0.0,1,1.0,0,0.0,0,0.0,1,1.0,0,0.0
15,Texte,0,0.0,0,0.0,0,0.0,0,0.0,2,2.0,0,0.0,0,0.0,0,0.0,0,0.0
16,Texte,0,0.0,0,0.0,1,1.0,0,0.0,0,0.0,0,0.0,0,0.0,3,3.0,1,1.0
17,Texte,0,0.0,0,0.0,0,0.0,0,0.0,2,2.0,0,0.0,0,0.0,2,2.0,0,0.0
18,Texte,0,0.0,0,0.0,0,0.0,0,0.0,1,1.0,0,0.0,0,0.0,1,1.0,0,0.0
19,Texte,0,0.0,0,0.0,0,0.0,0,0.0,2,2.0,0,0.0,0,0.0,2,2.0,0,0.0
20,Texte,0,0.0,0,0.0,0,0.0,0,0.0,0,0.0,0,0.0,0,0.0,2,2.0,0,0.0
21,Texte,0,0.0,0,0.0,0,0.0,0,0.0,0,0.0,0,0.0,0,0.0,1,1.0,0,0.0
22,Texte,0,0.0,0,0.0,0,0.0,0,0.0,1,1.0,0,0.0,0,0.0,7,7.0,1,1.0
23,Texte,0,0.0,0,0.0,0,0.0,0,0.0,1,1.0,0,0.0,0,0.0,3,3.0,0,0.0
24,Texte,0,0.0,0,0.0,0,0.0,0,0.0,0,0.0,0,0.0,0,0.0,2,2.0,1,1.0
25,Texte,0,0.0,0,0.0,0,0.0,0,0.0,2,2.0,0,0.0,0,0.0,1,1.0,1,1.0
26,Texte,0,0.0,0,0.0,0,0.0,0,0.0,0,0.0,0,0.0,0,0.0,0,0.0,0,0.0
27,Texte,0,0.0,0,0.0,0,0.0,0,0.0,0,0.0,0,0.0,0,0.0,0,0.0,0,0.0
28,Texte,0,0.0,0,0.0,0,0.0,0,0.0,0,0.0,0,0.0,0,0.0,1,1.0,0,0.0
29,Texte,0,0.0,0,0.0,0,0.0,0,0.0,1,1.0,0,0.0,0,0.0,1,1.0,0,0.0
30,Texte,0,0.0,0,0.0,0,0.0,0,0.0,0,0.0,0,0.0,0,0.0,0,0.0,0,0.0
31,Texte,0,0.0,0,0.0,0,0.0,0,0.0,0,0.0,0,0.0,0,0.0,1,1.0,0,0.0
32,Texte,0,0.0,0,0.0,0,0.0,0,0.0,1,1.0,0,0.0,0,0.0,1,1.0,0,0.0
33,Texte,0,0.0,0,0.0,0,0.0,0,0.0,1,1.0,0,0.0,0,0.0,3,3.0,2,2.0
34,Texte,0,0.0,0,0.0,0,0.0,0,0.0,0,0.0,0,0.0,0,0.0,1,1.0,0,0.0
35,Texte,0,0.0,0,0.0,0,0.0,0,0.0,1,1.0,0,0.0,0,0.0,3,3.0,0,0.0
36,Texte,0,0.0,0,0.0,0,0.0,0,0.0,1,1.0,0,0.0,0,0.0,2,2.0,0,0.0
37,Texte,0,0.0,0,0.0,0,0.0,0,0.0,1,1.0,1,1.0,0,0.0,6,6.0,0,0.0
38,Texte,0,0.0,0,0.0,0,0.0,0,0.0,2,2.0,0,0.0,0,0.0,3,3.0,0,0.0
39,Texte,0,0.0,0,0.0,0,0.0,0,0.0,0,0.0,1,1.0,0,0.0,1,1.0,0,0.0
40,Texte,0,0.0,0,0.0,0,0.0,0,0.0,0,0.0,0,0.0,0,0.0,2,2.0,0,0.0
41,Texte,0,0.0,0,0.0,0,0.0,0,0.0,0,0.0,0,0.0,0,0.0,0,0.0,0,0.0
42,Texte,0,0.0,0,0.0,0,0.0,0,0.0,0,0.0,0,0.0,0,0.0,0,0.0,0,0.0
43,Texte,0,0.0,0,0.0,0,0.0,0,0.0,4,4.0,0,0.0,0,0.0,4,4.0,1,1.0
44,Texte,0,0.0,0,0.0,0,0.0,0,0.0,0,0.0,0,0.0,0,0.0,1,1.0,0,0.0
45,Texte,0,0.0,0,0.0,0,0.0,0,0.0,0,0.0,0,0.0,0,0.0,2,2.0,0,0.0
46,Texte,0,0.0,0,0.0,0,0.0,0,0.0,1,1.0,0,0.0,0,0.0,0,0.0,1,1.0
47,Texte,0,0.0,0,0.0,0,0.0,0,0.0,0,0.0,0,0.0,0,0.0,2,2.0,0,0.0
48,Texte,0,0.0,0,0.0,0,0.0,0,0.0,1,1.0,0,0.0,0,0.0,1,1.0,0,0.0
49,Texte,0,0.0,0,0.0,0,0.0,0,0.0,1,1.0,0,0.0,0,0.0,3,3.0,0,0.0
50,Texte,0,0.0,0,0.0,0,0.0,0,0.0,0,0.0,0,0.0,0,0.0,1,1.0,0,0.0
51,Texte,0,0.0,0,0.0,0,0.0,0,0.0,0,0.0,0,0.0,0,0.0,3,3.0,0,0.0
52,Texte,0,0.0,0,0.0,0,0.0,0,0.0,0,0.0,0,0.0,0,0.0,1,1.0,1,1.0
53,Texte,0,0.0,0,0.0,0,0.0,0,0.0,0,0.0,0,0.0,0,0.0,0,0.0,0,0.0
54,Texte,0,0.0,0,0.0,0,0.0,0,0.0,0,0.0,0,0.0,0,0.0,0,0.0,0,0.0
55,Texte,0,0.0,0,0.0,0,0.0,0,0.0,0,0.0,0,0.0,0,0.0,0,0.0,0,0.0
56,Texte,0,0.0,0,0.0,0,0.0,0,0.0,1,1.0,0,0.0,0,0.0,0,0.0,0,0.0
57,Texte,0,0.0,0,0.0,0,0.0,0,0.0,1,1.0,0,0.0,0,0.0,1,1.0,1,1.0
58,Texte,0,0.0,0,0.0,0,0.0,0,0.0,1,1.0,0,0.0,0,0.0,0,0.0,0,0.0
59,Texte,0,0.0,0,0.0,0,0.0,0,0.0,1,1.0,0,0.0,0,0.0,2,2.0,0,0.0
60,Texte,0,0.0,0,0.0,0,0.0,0,0.0,1,1.0,0,0.0,0,0.0,1,1.0,0,0.0
61,Texte,0,0.0,0,0.0,0,0.0,0,0.0,0,0.0,0,0.0,0,0.0,1,1.0,0,0.0
62,Texte,0,0.0,0,0.0,0,0.0,0,0.0,1,1.0,0,0.0,0,0.0,1,1.0,0,0.0
63,Texte,0,0.0,0,0.0,0,0.0,0,0.0,1,1.0,1,1.0,0,0.0,0,0.0,0,0.0
64,Texte,0,0.0,0,0.0,0,0.0,0,0.0,3,3.0,0,0.0,0,0.0,0,0.0,2,2.0
65,Texte,0,0.0,0,0.0,0,0.0,0,0.0,0,0.0,0,0.0,0,0.0,1,1.0,0,0.0
66,Texte,0,0.0,0,0.0,0,0.0,0,0.0,0,0.0,0,0.0,0,0.0,0,0.0,0,0.0
67,Texte,0,0.0,0,0.0,0,0.0,0,0.0,1,1.0,0,0.0,0,0.0,0,0.0,0,0.0
68,Texte,0,0.0,0,0.0,0,0.0,0,0.0,1,1.0,0,0.0,0,0.0,1,1.0,0,0.0
69,Texte,0,0.0,0,0.0,0,0.0,0,0.0,0,0.0,1,1.0,0,0.0,3,3.0,0,0.0
70,Texte,0,0.0,0,0.0,0,0.0,0,0.0,1,1.0,0,0.0,0,0.0,1,1.0,0,0.0
71,Texte,0,0.0,0,0.0,0,0.0,0,0.0,0,0.0,0,0.0,0,0.0,0,0.0,0,0.0
72,Texte,0,0.0,0,0.0,0,0.0,0,0.0,1,1.0,0,0.0,0,0.0,3,3.0,0,0.0
73,Texte,0,0.0,0,0.0,0,0.0,0,0.0,0,0.0,0,0.0,0,0.0,0,0.0,0,0.0
74,Texte,0,0.0,0,0.0,0,0.0,0,0.0,1,1.0,0,0.0,0,0.0,0,0.0,0,0.0
75,Texte,0,0.0,0,0.0,0,0.0,0,0.0,1,1.0,0,0.0,0,0.0,0,0.0,0,0.0
76,Texte,0,0.0,0,0.0,0,0.0,0,0.0,0,0.0,0,0.0,0,0.0,1,1.0,0,0.0
77,Texte,0,0.0,0,0.0,0,0.0,0,0.0,3,3.0,0,0.0,0,0.0,2,2.0,0,0.0
78,Texte,0,0.0,0,0.0,0,0.0,0,0.0,1,1.0,0,0.0,0,0.0,2,2.0,1,1.0
79,Texte,0,0.0,0,0.0,0,0.0,0,0.0,0,0.0,0,0.0,0,0.0,1,1.0,0,0.0
80,Texte,0,0.0,0,0.0,0,0.0,0,0.0,2,2.0,0,0.0,0,0.0,2,2.0,0,0.0
81,Texte,0,0.0,0,0.0,0,0.0,0,0.0,0,0.0,0,0.0,0,0.0,0,0.0,0,0.0
82,Texte,0,0.0,0,0.0,0,0.0,0,0.0,0,0.0,0,0.0,0,0.0,0,0.0,0,0.0
83,Texte,0,0.0,0,0.0,0,0.0,0,0.0,0,0.0,0,0.0,0,0.0,5,5.0,0,0.0
84,Texte,0,0.0,0,0.0,0,0.0,0,0.0,1,1.0,0,0.0,0,0.0,1,1.0,0,0.0
85,Texte,0,0.0,0,0.0,0,0.0,0,0.0,0,0.0,0,0.0,0,0.0,1,1.0,1,1.0
86,Texte,0,0.0,0,0.0,0,0.0,0,0.0,0,0.0,0,0.0,0,0.0,0,0.0,0,0.0
87,Texte,0,0.0,0,0.0,0,0.0,0,0.0,2,2.0,0,0.0,0,0.0,0,0.0,1,1.0
88,Texte,0,0.0,0,0.0,0,0.0,0,0.0,1,1.0,0,0.0,0,0.0,2,2.0,0,0.0
89,Texte,0,0.0,0,0.0,0,0.0,0,0.0,0,0.0,0,0.0,0,0.0,0,0.0,0,0.0
90,Texte,0,0.0,0,0.0,0,0.0,0,0.0,0,0.0,0,0.0,0,0.0,2,2.0,0,0.0
91,Texte,0,0.0,0,0.0,0,0.0,0,0.0,1,1.0,0,0.0,0,0.0,0,0.0,0,0.0
92,Texte,0,0.0,0,0.0,0,0.0,0,0.0,1,1.0,0,0.0,0,0.0,2,2.0,0,0.0
93,Texte,0,0.0,0,0.0,0,0.0,0,0.0,1,1.0,1,1.0,0,0.0,3,3.0,0,0.0
94,Texte,0,0.0,0,0.0,0,0.0,0,0.0,1,1.0,0,0.0,0,0.0,1,1.0,0,0.0
95,Texte,0,0.0,0,0.0,0,0.0,0,0.0,1,1.0,0,0.0,0,0.0,7,7.0,0,0.0
96,Texte,0,0.0,0,0.0,0,0.0,0,0.0,1,1.0,0,0.0,0,0.0,1,1.0,0,0.0
97,Texte,0,0.0,0,0.0,0,0.0,0,0.0,1,1.0,0,0.0,0,0.0,1,1.0,1,1.0
98,Texte,0,0.0,0,0.0,0,0.0,0,0.0,2,2.0,0,0.0,0,0.0,1,1.0,1,1.0
99,Texte,0,0.0,0,0.0,0,0.0,0,0.0,2,2.0,0,0.0,0,0.0,4,4.0,0,0.0
100,Texte,0,0.0,0,0.0,0,0.0,0,0.0,1,1.0,0,0.0,0,0.0,1,1.0,0,0.0
101,Texte,0,0.0,0,0.0,0,0.0,0,0.0,1,1.0,0,0.0,0,0.0,3,3.0,1,1.0
102,Texte,0,0.0,0,0.0,0,0.0,0,0.0,0,0.0,0,0.0,0,0.0,1,1.0,1,1.0
103,Texte,0,0.0,0,0.0,0,0.0,0,0.0,1,1.0,0,0.0,0,0.0,1,1.0,0,0.0
104,Texte,0,0.0,0,0.0,0,0.0,0,0.0,1,1.0,0,0.0,0,0.0,0,0.0,0,0.0
105,Texte,0,0.0,0,0.0,0,0.0,0,0.0,1,1.0,0,0.0,0,0.0,1,1.0,0,0.0
106,Texte,0,0.0,0,0.0,0,0.0,0,0.0,1,1.0,0,0.0,0,0.0,0,0.0,1,1.0
107,Texte,0,0.0,0,0.0,1,1.0,0,0.0,2,2.0,0,0.0,0,0.0,1,1.0,1,1.0
108,Texte,0,0.0,0,0.0,0,0.0,0,0.0,2,2.0,1,1.0,0,0.0,0,0.0,0,0.0
109,Texte,0,0.0,0,0.0,0,0.0,0,0.0,0,0.0,0,0.0,0,0.0,0,0.0,0,0.0
110,Texte,0,0.0,0,0.0,0,0.0,0,0.0,0,0.0,0,0.0,0,0.0,1,1.0,0,0.0
111,Texte,0,0.0,0,0.0,0,0.0,0,0.0,1,1.0,0,0.0,0,0.0,1,1.0,0,0.0
112,Texte,0,0.0,0,0.0,0,0.0,0,0.0,2,2.0,0,0.0,0,0.0,1,1.0,0,0.0
113,Texte,0,0.0,0,0.0,0,0.0,0,0.0,0,0.0,0,0.0,0,0.0,0,0.0,0,0.0
114,Texte,0,0.0,0,0.0,0,0.0,0,0.0,0,0.0,0,0.0,0,0.0,0,0.0,0,0.0
115,Texte,0,0.0,0,0.0,0,0.0,0,0.0,1,1.0,0,0.0,0,0.0,1,1.0,0,0.0
116,Texte,0,0.0,0,0.0,1,1.0,0,0.0,0,0.0,0,0.0,0,0.0,1,1.0,1,1.0
117,Texte,0,0.0,0,0.0,0,0.0,0,0.0,1,1.0,0,0.0,0,0.0,3,3.0,0,0.0
118,Texte,0,0.0,0,0.0,0,0.0,0,0.0,0,0.0,0,0.0,0,0.0,5,5.0,1,1.0
119,Texte,0,0.0,0,0.0,0,0.0,0,0.0,0,0.0,0,0.0,0,0.0,2,2.0,0,0.0
120,Texte,0,0.0,0,0.0,0,0.0,0,0.0,0,0.0,0,0.0,0,0.0,1,1.0,0,0.0
121,Texte,0,0.0,0,0.0,0,0.0,0,0.0,0,0.0,0,0.0,0,0.0,1,1.0,0,0.0
122,Texte,0,0.0,0,0.0,0,0.0,0,0.0,0,0.0,0,0.0,0,0.0,0,0.0,0,0.0
123,Texte,0,0.0,0,0.0,0,0.0,0,0.0,0,0.0,0,0.0,0,0.0,1,1.0,0,0.0
124,Texte,0,0.0,0,0.0,0,0.0,0,0.0,0,0.0,0,0.0,0,0.0,1,1.0,0,0.0
125,Texte,0,0.0,0,0.0,1,1.0,0,0.0,0,0.0,0,0.0,0,0.0,4,4.0,1,1.0
126,Texte,0,0.0,0,0.0,0,0.0,0,0.0,1,1.0,0,0.0,0,0.0,2,2.0,0,0.0
127,Texte,0,0.0,0,0.0,0,0.0,0,0.0,2,2.0,0,0.0,0,0.0,1,1.0,0,0.0
128,Texte,0,0.0,0,0.0,0,0.0,0,0.0,2,2.0,0,0.0,0,0.0,1,1.0,1,1.0
129,Texte,0,0.0,0,0.0,0,0.0,0,0.0,0,0.0,0,0.0,0,0.0,2,2.0,0,0.0
130,Texte,0,0.0,0,0.0,0,0.0,0,0.0,1,1.0,0,0.0,0,0.0,1,1.0,0,0.0
131,Texte,0,0.0,0,0.0,1,1.0,0,0.0,1,1.0,0,0.0,0,0.0,1,1.0,0,0.0
132,Texte,0,0.0,0,0.0,0,0.0,0,0.0,0,0.0,1,1.0,0,0.0,0,0.0,0,0.0
133,Texte,0,0.0,0,0.0,0,0.0,0,0.0,0,0.0,0,0.0,0,0.0,4,4.0,0,0.0
134,Texte,0,0.0,0,0.0,0,0.0,0,0.0,0,0.0,0,0.0,0,0.0,0,0.0,0,0.0
135,Texte,0,0.0,0,0.0,0,0.0,0,0.0,1,1.0,1,1.0,0,0.0,0,0.0,0,0.0
136,Texte,0,0.0,0,0.0,0,0.0,0,0.0,1,1.0,0,0.0,0,0.0,0,0.0,0,0.0
137,Texte,0,0.0,0,0.0,0,0.0,0,0.0,1,1.0,0,0.0,0,0.0,3,3.0,1,1.0
138,Texte,0,0.0,0,0.0,0,0.0,0,0.0,1,1.0,0,0.0,0,0.0,0,0.0,0,0.0
139,Texte,0,0.0,0,0.0,0,0.0,0,0.0,3,3.0,0,0.0,0,0.0,2,2.0,0,0.0
140,Texte,0,0.0,0,0.0,0,0.0,0,0.0,2,2.0,0,0.0,0,0.0,4,4.0,0,0.0
141,Texte,0,0.0,0,0.0,0,0.0,0,0.0,0,0.0,0,0.0,0,0.0,1,1.0,0,0.0
142,Texte,0,0.0,0,0.0,0,0.0,0,0.0,2,2.0,0,0.0,0,0.0,2,2.0,0,0.0
143,Texte,0,0.0,0,0.0,0,0.0,0,0.0,3,3.0,0,0.0,0,0.0,0,0.0,0,0.0
144,Texte,0,0.0,0,0.0,0,0.0,0,0.0,2,2.0,0,0.0,0,0.0,1,1.0,0,0.0
145,Texte,0,0.0,0,0.0,0,0.0,0,0.0,0,0.0,0,0.0,0,0.0,2,2.0,0,0.0
146,Texte,0,0.0,0,0.0,0,0.0,0,0.0,1,1.0,0,0.0,0,0.0,2,2.0,1,1.0
147,Texte,0,0.0,0,0.0,0,0.0,0,0.0,3,3.0,0,0.0,0,0.0,1,1.0,0,0.0
148,Texte,0,0.0,0,0.0,0,0.0,0,0.0,1,1.0,0,0.0,0,0.0,0,0.0,0,0.0
149,Texte,0,0.0,0,0.0,0,0.0,0,0.0,0,0.0,0,0.0,0,0.0,2,2.0,0,0.0
150,Texte,0,0.0,0,0.0,0,0.0,0,0.0,1,1.0,0,0.0,0,0.0,0,0.0,0,0.0
151,Texte,0,0.0,0,0.0,0,0.0,0,0.0,0,0.0,0,0.0,0,0.0,2,2.0,0,0.0
152,Texte,0,0.0,0,0.0,0,0.0,0,0.0,0,0.0,0,0.0,0,0.0,0,0.0,0,0.0
153,Texte,0,0.0,0,0.0,0,0.0,0,0.0,1,1.0,0,0.0,0,0.0,1,1.0,1,1.0
154,Texte,0,0.0,0,0.0,1,1.0,0,0.0,0,0.0,1,1.0,0,0.0,1,1.0,0,0.0
155,Texte,0,0.0,0,0.0,0,0.0,0,0.0,0,0.0,0,0.0,0,0.0,2,2.0,0,0.0
156,Texte,0,0.0,0,0.0,0,0.0,0,0.0,1,1.0,0,0.0,0,0.0,2,2.0,0,0.0
157,Texte,0,0.0,0,0.0,0,0.0,0,0.0,0,0.0,0,0.0,0,0.0,0,0.0,0,0.0
158,Texte,0,0.0,0,0.0,0,0.0,0,0.0,2,2.0,0,0.0,0,0.0,3,3.0,0,0.0
159,Texte,0,0.0,0,0.0,0,0.0,0,0.0,0,0.0,0,0.0,0,0.0,4,4.0,0,0.0
160,Texte,0,0.0,0,0.0,0,0.0,0,0.0,1,1.0,0,0.0,0,0.0,1,1.0,0,0.0
161,Texte,0,0.0,0,0.0,0,0.0,0,0.0,1,1.0,0,0.0,0,0.0,0,0.0,0,0.0
162,Texte,0,0.0,0,0.0,0,0.0,0,0.0,0,0.0,0,0.0,0,0.0,0,0.0,0,0.0
163,Texte,0,0.0,0,0.0,0,0.0,0,0.0,0,0.0,0,0.0,0,0.0,2,2.0,0,0.0
164,Texte,0,0.0,0,0.0,0,0.0,0,0.0,0,0.0,0,0.0,0,0.0,1,1.0,0,0.0
165,Texte,0,0.0,0,0.0,0,0.0,0,0.0,1,1.0,0,0.0,0,0.0,2,2.0,0,0.0
166,Texte,0,0.0,0,0.0,0,0.0,0,0.0,3,3.0,0,0.0,0,0.0,4,4.0,1,1.0
167,Texte,0,0.0,0,0.0,0,0.0,0,0.0,2,2.0,0,0.0,0,0.0,0,0.0,1,1.0
168,Texte,0,0.0,0,0.0,0,0.0,0,0.0,0,0.0,0,0.0,0,0.0,0,0.0,0,0.0
169,Texte,0,0.0,0,0.0,0,0.0,0,0.0,0,0.0,0,0.0,0,0.0,0,0.0,0,0.0
170,Texte,0,0.0,0,0.0,0,0.0,0,0.0,0,0.0,0,0.0,0,0.0,2,2.0,1,1.0
171,Texte,0,0.0,0,0.0,0,0.0,0,0.0,0,0.0,0,0.0,0,0.0,3,3.0,0,0.0
172,Texte,0,0.0,0,0.0,0,0.0,0,0.0,0,0.0,0,0.0,0,0.0,0,0.0,0,0.0
173,Texte,0,0.0,0,0.0,0,0.0,0,0.0,0,0.0,0,0.0,0,0.0,0,0.0,0,0.0
174,Texte,0,0.0,0,0.0,0,0.0,0,0.0,3,3.0,0,0.0,0,0.0,7,7.0,2,2.0
175,Texte,0,0.0,0,0.0,0,0.0,0,0.0,0,0.0,0,0.0,0,0.0,1,1.0,0,0.0
176,Texte,0,0.0,0,0.0,0,0.0,0,0.0,1,1.0,0,0.0,0,0.0,0,0.0,0,0.0
177,Texte,0,0.0,0,0.0,0,0.0,0,0.0,5,5.0,0,0.0,0,0.0,1,1.0,0,0.0
178,Texte,0,0.0,0,0.0,1,1.0,0,0.0,1,1.0,0,0.0,0,0.0,1,1.0,0,0.0
179,Texte,0,0.0,0,0.0,1,1.0,0,0.0,2,2.0,0,0.0,0,0.0,5,5.0,0,0.0
180,Texte,0,0.0,0,0.0,0,0.0,0,0.0,2,2.0,0,0.0,0,0.0,1,1.0,0,0.0
181,Texte,0,0.0,0,0.0,0,0.0,0,0.0,1,1.0,0,0.0,0,0.0,0,0.0,0,0.0
182,Texte,0,0.0,0,0.0,0,0.0,0,0.0,1,1.0,0,0.0,0,0.0,0,0.0,0,0.0
183,Texte,0,0.0,0,0.0,0,0.0,0,0.0,0,0.0,0,0.0,0,0.0,2,2.0,0,0.0
184,Texte,0,0.0,0,0.0,0,0.0,0,0.0,1,1.0,0,0.0,0,0.0,2,2.0,0,0.0
185,Texte,0,0.0,0,0.0,0,0.0,0,0.0,2,2.0,0,0.0,0,0.0,2,2.0,0,0.0
186,Texte,0,0.0,0,0.0,0,0.0,0,0.0,0,0.0,0,0.0,0,0.0,0,0.0,0,0.0
187,Texte,0,0.0,0,0.0,0,0.0,0,0.0,0,0.0,0,0.0,0,0.0,2,2.0,0,0.0
188,Texte,0,0.0,0,0.0,1,1.0,0,0.0,0,0.0,0,0.0,0,0.0,1,1.0,0,0.0
189,Texte,0,0.0,0,0.0,0,0.0,0,0.0,1,1.0,1,1.0,0,0.0,1,1.0,0,0.0
190,Texte,0,0.0,0,0.0,0,0.0,0,0.0,0,0.0,0,0.0,0,0.0,2,2.0,0,0.0
191,Texte,0,0.0,0,0.0,0,0.0,0,0.0,0,0.0,0,0.0,0,0.0,1,1.0,0,0.0
192,Texte,0,0.0,0,0.0,0,0.0,0,0.0,0,0.0,0,0.0,0,0.0,0,0.0,1,1.0
193,Texte,0,0.0,0,0.0,0,0.0,0,0.0,0,0.0,0,0.0,0,0.0,3,3.0,1,1.0
194,Texte,0,0.0,0,0.0,0,0.0,0,0.0,0,0.0,0,0.0,0,0.0,3,3.0,0,0.0
195,Texte,0,0.0,0,0.0,0,0.0,0,0.0,0,0.0,0,0.0,0,0.0,0,0.0,0,0.0
196,Texte,0,0.0,0,0.0,0,0.0,0,0.0,2,2.0,0,0.0,0,0.0,3,3.0,1,1.0
197,Texte,0,0.0,0,0.0,0,0.0,0,0.0,2,2.0,0,0.0,0,0.0,2,2.0,0,0.0
198,Texte,0,0.0,0,0.0,0,0.0,0,0.0,4,4.0,0,0.0,0,0.0,3,3.0,0,0.0
199,Texte,0,0.0,0,0.0,0,0.0,0,0.0,0,0.0,0,0.0,0,0.0,1,1.0,0,0.0
200,Texte,0,0.0,0,0.0,0,0.0,0,0.0,0,0.0,0,0.0,0,0.0,0,0.0,0,0.0
201,Texte,0,0.0,0,0.0,0,0.0,0,0.0,1,1.0,0,0.0,0,0.0,0,0.0,0,0.0
202,Texte,0,0.0,0,0.0,0,0.0,0,0.0,0,0.0,0,0.0,0,0.0,0,0.0,0,0.0
203,Texte,0,0.0,0,0.0,0,0.0,0,0.0,1,1.0,0,0.0,0,0.0,0,0.0,0,0.0
204,Texte,0,0.0,0,0.0,0,0.0,0,0.0,0,0.0,0,0.0,0,0.0,1,1.0,0,0.0
205,Texte,0,0.0,0,0.0,0,0.0,0,0.0,0,0.0,0,0.0,0,0.0,0,0.0,0,0.0
206,Texte,0,0.0,0,0.0,0,0.0,0,0.0,0,0.0,0,0.0,0,0.0,0,0.0,0,0.0
207,Texte,0,0.0,0,0.0,0,0.0,0,0.0,0,0.0,0,0.0,0,0.0,0,0.0,0,0.0
208,Texte,0,0.0,0,0.0,0,0.0,0,0.0,0,0.0,0,0.0,0,0.0,0,0.0,0,0.0
209,Texte,0,0.0,0,0.0,0,0.0,0,0.0,0,0.0,0,0.0,0,0.0,0,0.0,0,0.0
210,Texte,0,0.0,0,0.0,0,0.0,0,0.0,1,1.0,1,1.0,0,0.0,0,0.0,0,0.0
211,Texte,0,0.0,0,0.0,0,0.0,0,0.0,0,0.0,0,0.0,0,0.0,1,1.0,0,0.0
212,Texte,0,0.0,0,0.0,0,0.0,0,0.0,0,0.0,0,0.0,0,0.0,0,0.0,0,0.0
213,Texte,0,0.0,0,0.0,0,0.0,0,0.0,0,0.0,0,0.0,0,0.0,0,0.0,0,0.0
214,Texte,0,0.0,0,0.0,0,0.0,0,0.0,0,0.0,0,0.0,0,0.0,2,2.0,0,0.0
215,Texte,0,0.0,0,0.0,0,0.0,0,0.0,0,0.0,0,0.0,0,0.0,0,0.0,0,0.0
216,Texte,0,0.0,0,0.0,0,0.0,0,0.0,1,1.0,0,0.0,0,0.0,1,1.0,0,0.0
217,Texte,0,0.0,0,0.0,0,0.0,0,0.0,0,0.0,0,0.0,0,0.0,2,2.0,0,0.0
218,Texte,0,0.0,0,0.0,0,0.0,0,0.0,1,1.0,0,0.0,0,0.0,0,0.0,0,0.0
219,Texte,0,0.0,0,0.0,0,0.0,0,0.0,1,1.0,0,0.0,0,0.0,1,1.0,0,0.0
220,Texte,0,0.0,0,0.0,0,0.0,0,0.0,1,1.0,0,0.0,0,0.0,0,0.0,0,0.0
221,Texte,0,0.0,0,0.0,0,0.0,0,0.0,0,0.0,0,0.0,0,0.0,1,1.0,0,0.0
222,Texte,0,0.0,0,0.0,0,0.0,0,0.0,1,1.0,0,0.0,0,0.0,0,0.0,0,0.0
223,Texte,0,0.0,0,0.0,0,0.0,0,0.0,0,0.0,0,0.0,0,0.0,4,4.0,0,0.0
224,Texte,0,0.0,0,0.0,0,0.0,0,0.0,1,1.0,0,0.0,0,0.0,0,0.0,0,0.0
225,Texte,0,0.0,0,0.0,0,0.0,0,0.0,1,1.0,0,0.0,0,0.0,3,3.0,0,0.0
226,Texte,0,0.0,0,0.0,0,0.0,0,0.0,0,0.0,0,0.0,0,0.0,0,0.0,0,0.0
227,Texte,0,0.0,0,0.0,0,0.0,0,0.0,0,0.0,0,0.0,0,0.0,0,0.0,0,0.0
228,Texte,0,0.0,0,0.0,0,0.0,0,0.0,0,0.0,0,0.0,0,0.0,0,0.0,1,1.0
229,Texte,0,0.0,0,0.0,0,0.0,0,0.0,0,0.0,0,0.0,0,0.0,0,0.0,0,0.0
230,Texte,0,0.0,0,0.0,0,0.0,0,0.0,0,0.0,0,0.0,0,0.0,2,1.0,0,0.0
231,Texte,0,0.0,0,0.0,0,0.0,0,0.0,1,1.0,0,0.0,0,0.0,0,0.0,0,0.0
232,Texte,0,0.0,0,0.0,0,0.0,0,0.0,2,2.0,1,1.0,0,0.0,0,0.0,0,0.0
233,Texte,0,0.0,0,0.0,0,0.0,0,0.0,1,1.0,0,0.0,0,0.0,1,1.0,1,1.0
234,Texte,0,0.0,0,0.0,1,1.0,0,0.0,0,0.0,0,0.0,0,0.0,1,1.0,0,0.0
235,Texte,0,0.0,0,0.0,0,0.0,0,0.0,1,1.0,0,0.0,0,0.0,0,0.0,0,0.0
236,Texte,0,0.0,0,0.0,0,0.0,0,0.0,0,0.0,0,0.0,0,0.0,0,0.0,0,0.0
237,Texte,0,0.0,0,0.0,0,0.0,0,0.0,1,1.0,0,0.0,0,0.0,0,0.0,0,0.0
238,Texte,0,0.0,0,0.0,0,0.0,0,0.0,2,2.0,0,0.0,0,0.0,1,1.0,0,0.0
239,Texte,0,0.0,0,0.0,0,0.0,0,0.0,1,1.0,0,0.0,0,0.0,1,1.0,0,0.0
240,Texte,0,0.0,0,0.0,0,0.0,0,0.0,0,0.0,0,0.0,0,0.0,1,1.0,0,0.0
241,Texte,0,0.0,0,0.0,0,0.0,0,0.0,2,2.0,0,0.0,0,0.0,0,0.0,0,0.0
242,Texte,0,0.0,0,0.0,0,0.0,0,0.0,1,1.0,0,0.0,0,0.0,0,0.0,1,1.0
243,Texte,0,0.0,0,0.0,0,0.0,0,0.0,0,0.0,0,0.0,0,0.0,0,0.0,0,0.0
244,Texte,0,0.0,0,0.0,0,0.0,0,0.0,0,0.0,0,0.0,0,0.0,1,1.0,0,0.0
245,Texte,0,0.0,0,0.0,0,0.0,0,0.0,2,2.0,0,0.0,0,0.0,2,2.0,1,1.0
246,Texte,0,0.0,0,0.0,0,0.0,0,0.0,1,1.0,0,0.0,0,0.0,0,0.0,0,0.0
247,Texte,0,0.0,0,0.0,0,0.0,0,0.0,0,0.0,0,0.0,0,0.0,1,1.0,0,0.0
248,Texte,0,0.0,0,0.0,0,0.0,0,0.0,1,1.0,1,1.0,0,0.0,0,0.0,0,0.0
249,Texte,0,0.0,0,0.0,0,0.0,0,0.0,0,0.0,0,0.0,0,0.0,0,0.0,0,0.0
250,Texte,0,0.0,0,0.0,1,1.0,0,0.0,0,0.0,0,0.0,0,0.0,1,1.0,0,0.0
251,Texte,0,0.0,0,0.0,0,0.0,0,0.0,0,0.0,1,1.0,0,0.0,2,2.0,1,1.0
252,Texte,0,0.0,0,0.0,0,0.0,0,0.0,1,1.0,0,0.0,0,0.0,1,1.0,0,0.0
253,Texte,0,0.0,0,0.0,0,0.0,0,0.0,1,1.0,0,0.0,0,0.0,1,1.0,0,0.0
254,Texte,0,0.0,0,0.0,0,0.0,0,0.0,1,1.0,0,0.0,0,0.0,0,0.0,0,0.0
255,Texte,0,0.0,0,0.0,0,0.0,0,0.0,2,2.0,0,0.0,0,0.0,0,0.0,0,0.0
256,Texte,0,0.0,0,0.0,0,0.0,0,0.0,0,0.0,0,0.0,0,0.0,1,1.0,0,0.0
257,Texte,0,0.0,0,0.0,0,0.0,0,0.0,1,1.0,0,0.0,0,0.0,2,2.0,0,0.0
258,Texte,0,0.0,0,0.0,0,0.0,0,0.0,1,1.0,0,0.0,0,0.0,3,3.0,0,0.0
259,Texte,0,0.0,0,0.0,0,0.0,0,0.0,1,1.0,0,0.0,0,0.0,0,0.0,0,0.0
260,Texte,0,0.0,0,0.0,0,0.0,0,0.0,0,0.0,0,0.0,0,0.0,0,0.0,0,0.0
261,Texte,0,0.0,0,0.0,0,0.0,0,0.0,0,0.0,0,0.0,0,0.0,1,1.0,1,1.0
262,Texte,0,0.0,0,0.0,0,0.0,0,0.0,0,0.0,0,0.0,0,0.0,1,1.0,0,0.0
263,Texte,0,0.0,0,0.0,0,0.0,0,0.0,0,0.0,0,0.0,0,0.0,1,1.0,1,1.0
264,Texte,0,0.0,0,0.0,0,0.0,0,0.0,0,0.0,0,0.0,0,0.0,1,1.0,1,1.0
265,Texte,0,0.0,0,0.0,0,0.0,0,0.0,1,1.0,0,0.0,0,0.0,2,2.0,0,0.0
266,Texte,0,0.0,0,0.0,0,0.0,0,0.0,2,2.0,0,0.0,0,0.0,3,3.0,0,0.0
267,Texte,0,0.0,0,0.0,0,0.0,0,0.0,1,1.0,0,0.0,0,0.0,3,3.0,0,0.0
268,Texte,0,0.0,0,0.0,0,0.0,0,0.0,1,1.0,0,0.0,0,0.0,0,0.0,0,0.0
269,Texte,0,0.0,0,0.0,0,0.0,0,0.0,0,0.0,0,0.0,0,0.0,0,0.0,0,0.0
270,Texte,0,0.0,0,0.0,1,1.0,0,0.0,0,0.0,0,0.0,0,0.0,1,1.0,0,0.0
271,Texte,0,0.0,0,0.0,0,0.0,0,0.0,2,2.0,0,0.0,0,0.0,0,0.0,1,1.0
272,Texte,0,0.0,0,0.0,0,0.0,0,0.0,1,1.0,0,0.0,0,0.0,0,0.0,0,0.0
273,Texte,0,0.0,0,0.0,0,0.0,0,0.0,1,1.0,1,1.0,0,0.0,0,0.0,0,0.0
274,Texte,0,0.0,0,0.0,0,0.0,0,0.0,0,0.0,0,0.0,0,0.0,0,0.0,0,0.0
275,Texte,0,0.0,0,0.0,0,0.0,0,0.0,0,0.0,0,0.0,0,0.0,1,1.0,0,0.0
276,Texte,0,0.0,0,0.0,0,0.0,0,0.0,0,0.0,0,0.0,0,0.0,0,0.0,0,0.0
277,Texte,0,0.0,0,0.0,0,0.0,0,0.0,0,0.0,1,1.0,0,0.0,0,0.0,0,0.0
278,Texte,0,0.0,0,0.0,0,0.0,0,0.0,1,1.0,0,0.0,0,0.0,1,1.0,0,0.0
279,Texte,0,0.0,0,0.0,0,0.0,0,0.0,1,1.0,1,1.0,0,0.0,1,1.0,0,0.0
280,Texte,0,0.0,0,0.0,0,0.0,0,0.0,0,0.0,0,0.0,0,0.0,0,0.0,1,1.0
281,Texte,0,0.0,0,0.0,0,0.0,0,0.0,0,0.0,0,0.0,0,0.0,0,0.0,0,0.0
282,Texte,0,0.0,0,0.0,0,0.0,0,0.0,3,3.0,0,0.0,0,0.0,1,1.0,0,0.0
283,Texte,0,0.0,0,0.0,0,0.0,0,0.0,0,0.0,0,0.0,0,0.0,2,2.0,0,0.0
284,Texte,0,0.0,0,0.0,0,0.0,0,0.0,2,2.0,0,0.0,0,0.0,4,4.0,0,0.0
285,Texte,0,0.0,0,0.0,0,0.0,0,0.0,0,0.0,0,0.0,0,0.0,2,2.0,0,0.0
286,Texte,0,0.0,0,0.0,0,0.0,0,0.0,0,0.0,0,0.0,0,0.0,0,0.0,0,0.0
287,Texte,0,0.0,0,0.0,0,0.0,0,0.0,3,3.0,2,2.0,0,0.0,1,1.0,0,0.0
288,Texte,0,0.0,0,0.0,0,0.0,0,0.0,1,1.0,1,1.0,0,0.0,2,2.0,0,0.0
289,Texte,0,0.0,0,0.0,0,0.0,0,0.0,1,1.0,1,1.0,0,0.0,0,0.0,0,0.0
290,Texte,0,0.0,0,0.0,0,0.0,0,0.0,1,1.0,0,0.0,0,0.0,1,1.0,0,0.0
291,Texte,0,0.0,0,0.0,0,0.0,0,0.0,1,1.0,0,0.0,0,0.0,0,0.0,0,0.0
292,Texte,0,0.0,0,0.0,1,1.0,0,0.0,2,2.0,0,0.0,0,0.0,1,1.0,0,0.0
293,Texte,0,0.0,0,0.0,0,0.0,0,0.0,2,2.0,0,0.0,0,0.0,0,0.0,0,0.0
294,Texte,0,0.0,0,0.0,0,0.0,0,0.0,1,1.0,0,0.0,0,0.0,0,0.0,0,0.0
295,Texte,0,0.0,0,0.0,0,0.0,0,0.0,2,2.0,0,0.0,0,0.0,0,0.0,1,1.0
296,Texte,0,0.0,0,0.0,0,0.0,0,0.0,1,1.0,0,0.0,0,0.0,3,3.0,1,1.0
297,Texte,0,0.0,0,0.0,0,0.0,0,0.0,0,0.0,0,0.0,0,0.0,1,1.0,0,0.0
298,Texte,0,0.0,0,0.0,0,0.0,0,0.0,1,1.0,0,0.0,0,0.0,0,0.0,0,0.0
299,Texte,0,0.0,0,0.0,0,0.0,0,0.0,5,5.0,0,0.0,0,0.0,0,0.0,0,0.0
300,Texte,0,0.0,0,0.0,0,0.0,0,0.0,3,3.0,0,0.0,0,0.0,0,0.0,0,0.0
301,Texte,0,0.0,0,0.0,0,0.0,0,0.0,0,0.0,0,0.0,0,0.0,1,1.0,0,0.0
302,Texte,0,0.0,0,0.0,0,0.0,0,0.0,1,1.0,1,1.0,0,0.0,2,2.0,0,0.0
303,Texte,0,0.0,0,0.0,0,0.0,0,0.0,2,2.0,0,0.0,0,0.0,0,0.0,0,0.0
304,Texte,0,0.0,0,0.0,0,0.0,0,0.0,0,0.0,0,0.0,0,0.0,0,0.0,1,1.0
305,Texte,0,0.0,0,0.0,0,0.0,0,0.0,6,6.0,0,0.0,0,0.0,3,3.0,0,0.0
306,Texte,0,0.0,0,0.0,0,0.0,0,0.0,0,0.0,0,0.0,0,0.0,0,0.0,0,0.0
307,Texte,0,0.0,0,0.0,0,0.0,0,0.0,0,0.0,0,0.0,0,0.0,2,2.0,0,0.0
308,Texte,0,0.0,0,0.0,0,0.0,0,0.0,1,1.0,0,0.0,0,0.0,1,1.0,0,0.0
309,Texte,0,0.0,0,0.0,0,0.0,0,0.0,2,2.0,0,0.0,0,0.0,0,0.0,1,1.0
310,Texte,0,0.0,0,0.0,0,0.0,0,0.0,0,0.0,0,0.0,0,0.0,1,1.0,1,1.0
311,Texte,0,0.0,0,0.0,0,0.0,0,0.0,1,1.0,0,0.0,0,0.0,1,1.0,2,2.0
312,Texte,0,0.0,0,0.0,0,0.0,0,0.0,1,1.0,0,0.0,0,0.0,0,0.0,0,0.0
313,Texte,0,0.0,0,0.0,0,0.0,0,0.0,2,2.0,0,0.0,0,0.0,0,0.0,2,2.0
314,Texte,0,0.0,0,0.0,0,0.0,0,0.0,0,0.0,0,0.0,0,0.0,0,0.0,0,0.0
315,Texte,0,0.0,0,0.0,0,0.0,0,0.0,0,0.0,0,0.0,0,0.0,3,3.0,1,1.0
316,Texte,0,0.0,0,0.0,0,0.0,0,0.0,0,0.0,0,0.0,0,0.0,0,0.0,0,0.0
317,Texte,0,0.0,0,0.0,0,0.0,0,0.0,3,3.0,0,0.0,0,0.0,0,0.0,0,0.0
318,Texte,0,0.0,0,0.0,0,0.0,0,0.0,0,0.0,0,0.0,0,0.0,3,3.0,1,1.0
319,Texte,0,0.0,0,0.0,0,0.0,0,0.0,2,2.0,0,0.0,0,0.0,1,1.0,2,2.0
320,Texte,0,0.0,0,0.0,0,0.0,0,0.0,2,2.0,0,0.0,0,0.0,1,1.0,1,1.0
321,Texte,0,0.0,0,0.0,0,0.0,0,0.0,1,0.5,2,1.0,0,0.0,5,2.5,0,0.0
322,Texte,0,0.0,0,0.0,0,0.0,0,0.0,0,0.0,0,0.0,0,0.0,1,1.0,1,1.0
323,Texte,0,0.0,0,0.0,0,0.0,0,0.0,1,1.0,0,0.0,0,0.0,1,1.0,1,1.0
324,Texte,0,0.0,0,0.0,1,1.0,0,0.0,1,1.0,1,1.0,0,0.0,1,1.0,0,0.0
325,Texte,0,0.0,0,0.0,0,0.0,0,0.0,0,0.0,0,0.0,0,0.0,0,0.0,0,0.0
326,Texte,0,0.0,0,0.0,0,0.0,0,0.0,2,2.0,0,0.0,0,0.0,0,0.0,0,0.0
327,Texte,0,0.0,0,0.0,0,0.0,0,0.0,1,1.0,0,0.0,0,0.0,2,2.0,0,0.0
328,Texte,0,0.0,0,0.0,0,0.0,0,0.0,1,1.0,0,0.0,0,0.0,1,1.0,1,1.0
329,Texte,0,0.0,0,0.0,0,0.0,0,0.0,0,0.0,0,0.0,0,0.0,1,1.0,0,0.0
330,Texte,0,0.0,0,0.0,0,0.0,0,0.0,0,0.0,0,0.0,0,0.0,0,0.0,1,1.0
331,Texte,0,0.0,0,0.0,0,0.0,0,0.0,0,0.0,0,0.0,0,0.0,1,1.0,0,0.0
332,Texte,0,0.0,0,0.0,0,0.0,0,0.0,1,1.0,0,0.0,0,0.0,2,2.0,0,0.0
333,Texte,0,0.0,0,0.0,0,0.0,0,0.0,3,3.0,0,0.0,0,0.0,3,3.0,1,1.0
334,Texte,0,0.0,0,0.0,0,0.0,0,0.0,1,1.0,0,0.0,0,0.0,0,0.0,0,0.0
335,Texte,0,0.0,0,0.0,0,0.0,0,0.0,1,1.0,0,0.0,0,0.0,0,0.0,1,1.0
336,Texte,0,0.0,0,0.0,0,0.0,0,0.0,0,0.0,0,0.0,0,0.0,1,1.0,0,0.0
337,Texte,0,0.0,0,0.0,0,0.0,0,0.0,0,0.0,0,0.0,0,0.0,0,0.0,0,0.0
338,Texte,0,0.0,0,0.0,0,0.0,0,0.0,1,1.0,0,0.0,0,0.0,0,0.0,1,1.0
339,Texte,0,0.0,0,0.0,0,0.0,0,0.0,4,4.0,0,0.0,0,0.0,2,2.0,2,2.0
340,Texte,0,0.0,0,0.0,0,0.0,0,0.0,1,1.0,0,0.0,0,0.0,2,2.0,0,0.0
341,Texte,0,0.0,0,0.0,0,0.0,0,0.0,2,2.0,0,0.0,0,0.0,5,5.0,1,1.0
342,Texte,0,0.0,0,0.0,0,0.0,0,0.0,1,1.0,0,0.0,0,0.0,3,3.0,1,1.0
343,Texte,0,0.0,0,0.0,0,0.0,0,0.0,3,3.0,0,0.0,0,0.0,5,5.0,0,0.0
344,Texte,0,0.0,0,0.0,0,0.0,0,0.0,1,1.0,0,0.0,0,0.0,0,0.0,0,0.0
345,Texte,0,0.0,0,0.0,0,0.0,0,0.0,1,1.0,0,0.0,0,0.0,0,0.0,0,0.0
346,Texte,0,0.0,0,0.0,0,0.0,0,0.0,0,0.0,0,0.0,0,0.0,0,0.0,0,0.0
347,Texte,0,0.0,0,0.0,0,0.0,0,0.0,2,2.0,0,0.0,0,0.0,2,2.0,0,0.0
348,Texte,0,0.0,0,0.0,0,0.0,0,0.0,4,4.0,0,0.0,0,0.0,5,5.0,0,0.0
349,Texte,0,0.0,0,0.0,0,0.0,0,0.0,3,3.0,0,0.0,0,0.0,2,2.0,1,1.0
350,Texte,0,0.0,0,0.0,0,0.0,0,0.0,1,1.0,0,0.0,0,0.0,1,1.0,0,0.0
351,Texte,0,0.0,0,0.0,0,0.0,0,0.0,3,3.0,0,0.0,0,0.0,3,3.0,0,0.0
352,Texte,0,0.0,0,0.0,0,0.0,0,0.0,2,2.0,0,0.0,0,0.0,3,3.0,0,0.0
353,Texte,0,0.0,0,0.0,0,0.0,0,0.0,1,1.0,0,0.0,0,0.0,0,0.0,0,0.0
354,Texte,0,0.0,0,0.0,0,0.0,0,0.0,1,1.0,0,0.0,0,0.0,0,0.0,1,1.0
355,Texte,0,0.0,0,0.0,0,0.0,0,0.0,1,1.0,0,0.0,0,0.0,0,0.0,0,0.0
356,Texte,0,0.0,0,0.0,0,0.0,0,0.0,2,2.0,1,1.0,0,0.0,0,0.0,0,0.0
357,Texte,0,0.0,0,0.0,0,0.0,0,0.0,2,2.0,0,0.0,0,0.0,0,0.0,0,0.0
358,Texte,0,0.0,0,0.0,0,0.0,0,0.0,3,3.0,0,0.0,0,0.0,2,2.0,0,0.0
359,Texte,0,0.0,0,0.0,0,0.0,0,0.0,1,1.0,0,0.0,0,0.0,3,3.0,1,1.0
360,Texte,0,0.0,0,0.0,0,0.0,0,0.0,2,2.0,1,1.0,0,0.0,2,2.0,1,1.0
361,Texte,0,0.0,0,0.0,0,0.0,0,0.0,3,3.0,0,0.0,0,0.0,2,2.0,0,0.0
362,Texte,0,0.0,0,0.0,0,0.0,0,0.0,1,1.0,0,0.0,0,0.0,4,4.0,0,0.0
363,Texte,0,0.0,0,0.0,1,1.0,0,0.0,1,1.0,1,1.0,0,0.0,1,1.0,0,0.0
364,Texte,0,0.0,0,0.0,0,0.0,0,0.0,1,1.0,0,0.0,0,0.0,2,2.0,0,0.0
365,Texte,0,0.0,0,0.0,0,0.0,0,0.0,0,0.0,0,0.0,0,0.0,3,3.0,0,0.0
366,Texte,0,0.0,0,0.0,0,0.0,0,0.0,0,0.0,1,1.0,0,0.0,1,1.0,0,0.0
367,Texte,0,0.0,0,0.0,0,0.0,0,0.0,0,0.0,0,0.0,0,0.0,3,3.0,0,0.0
368,Texte,0,0.0,0,0.0,0,0.0,0,0.0,3,3.0,1,1.0,0,0.0,1,1.0,0,0.0
369,Texte,0,0.0,0,0.0,0,0.0,0,0.0,1,1.0,0,0.0,0,0.0,0,0.0,0,0.0
370,Texte,0,0.0,0,0.0,0,0.0,0,0.0,0,0.0,0,0.0,0,0.0,1,1.0,0,0.0
371,Texte,0,0.0,0,0.0,0,0.0,0,0.0,2,2.0,0,0.0,0,0.0,0,0.0,0,0.0
372,Texte,0,0.0,0,0.0,0,0.0,0,0.0,1,1.0,0,0.0,0,0.0,0,0.0,0,0.0
373,Texte,0,0.0,0,0.0,0,0.0,0,0.0,1,1.0,1,1.0,0,0.0,1,1.0,0,0.0
374,Texte,0,0.0,0,0.0,0,0.0,0,0.0,1,1.0,0,0.0,0,0.0,1,1.0,0,0.0
375,Texte,0,0.0,0,0.0,0,0.0,0,0.0,1,1.0,0,0.0,0,0.0,2,2.0,2,2.0
376,Texte,0,0.0,0,0.0,0,0.0,0,0.0,1,1.0,0,0.0,0,0.0,2,2.0,1,1.0
377,Texte,0,0.0,0,0.0,0,0.0,0,0.0,0,0.0,0,0.0,0,0.0,2,2.0,0,0.0
378,Texte,0,0.0,0,0.0,0,0.0,0,0.0,2,2.0,0,0.0,0,0.0,2,2.0,0,0.0
379,Texte,0,0.0,0,0.0,0,0.0,0,0.0,3,3.0,0,0.0,0,0.0,3,3.0,0,0.0
380,Texte,0,0.0,0,0.0,0,0.0,0,0.0,1,1.0,0,0.0,0,0.0,0,0.0,0,0.0
381,Texte,0,0.0,0,0.0,0,0.0,0,0.0,1,1.0,0,0.0,0,0.0,3,3.0,0,0.0
382,Texte,0,0.0,0,0.0,0,0.0,0,0.0,2,2.0,0,0.0,0,0.0,0,0.0,0,0.0
383,Texte,0,0.0,0,0.0,0,0.0,0,0.0,2,2.0,0,0.0,0,0.0,3,3.0,0,0.0
384,Texte,0,0.0,0,0.0,0,0.0,0,0.0,0,0.0,1,1.0,0,0.0,1,1.0,0,0.0
385,Texte,0,0.0,0,0.0,0,0.0,0,0.0,5,5.0,0,0.0,0,0.0,2,2.0,1,1.0
386,Texte,0,0.0,0,0.0,0,0.0,0,0.0,1,1.0,0,0.0,0,0.0,0,0.0,0,0.0
387,Texte,0,0.0,0,0.0,0,0.0,0,0.0,0,0.0,0,0.0,0,0.0,5,5.0,0,0.0
388,Texte,0,0.0,0,0.0,0,0.0,0,0.0,1,1.0,0,0.0,0,0.0,2,2.0,0,0.0
389,Texte,0,0.0,0,0.0,0,0.0,0,0.0,0,0.0,0,0.0,0,0.0,0,0.0,0,0.0
390,Texte,0,0.0,0,0.0,0,0.0,0,0.0,0,0.0,0,0.0,0,0.0,0,0.0,0,0.0
391,Texte,0,0.0,0,0.0,0,0.0,0,0.0,2,2.0,0,0.0,0,0.0,0,0.0,1,1.0
392,Texte,0,0.0,0,0.0,0,0.0,0,0.0,1,1.0,0,0.0,0,0.0,5,5.0,0,0.0
393,Texte,0,0.0,0,0.0,0,0.0,0,0.0,0,0.0,0,0.0,0,0.0,0,0.0,1,1.0
394,Texte,0,0.0,0,0.0,0,0.0,0,0.0,0,0.0,0,0.0,0,0.0,2,2.0,0,0.0
395,Texte,0,0.0,0,0.0,0,0.0,0,0.0,1,1.0,1,1.0,0,0.0,0,0.0,0,0.0
396,Texte,0,0.0,0,0.0,0,0.0,0,0.0,4,4.0,0,0.0,0,0.0,1,1.0,0,0.0
397,Texte,0,0.0,0,0.0,0,0.0,0,0.0,0,0.0,0,0.0,0,0.0,3,3.0,0,0.0
398,Texte,0,0.0,0,0.0,0,0.0,0,0.0,3,3.0,0,0.0,0,0.0,0,0.0,0,0.0
399,Texte,0,0.0,0,0.0,0,0.0,0,0.0,2,2.0,0,0.0,0,0.0,3,3.0,0,0.0
400,Texte,0,0.0,0,0.0,0,0.0,0,0.0,0,0.0,0,0.0,0,0.0,1,1.0,0,0.0
401,Texte,0,0.0,0,0.0,0,0.0,0,0.0,1,1.0,0,0.0,0,0.0,3,3.0,0,0.0
402,Texte,0,0.0,0,0.0,0,0.0,0,0.0,1,1.0,0,0.0,0,0.0,1,1.0,2,2.0
403,Texte,0,0.0,0,0.0,0,0.0,0,0.0,1,1.0,0,0.0,0,0.0,2,2.0,0,0.0
404,Texte,0,0.0,0,0.0,0,0.0,0,0.0,1,1.0,0,0.0,0,0.0,4,4.0,1,1.0
405,Texte,0,0.0,0,0.0,0,0.0,0,0.0,0,0.0,0,0.0,0,0.0,1,1.0,0,0.0
406,Texte,0,0.0,0,0.0,0,0.0,0,0.0,3,3.0,1,1.0,0,0.0,0,0.0,3,3.0
407,Texte,0,0.0,0,0.0,0,0.0,0,0.0,0,0.0,0,0.0,0,0.0,0,0.0,0,0.0
408,Texte,0,0.0,0,0.0,0,0.0,0,0.0,2,2.0,1,1.0,0,0.0,4,4.0,1,1.0
409,Texte,0,0.0,0,0.0,0,0.0,0,0.0,0,0.0,0,0.0,0,0.0,1,1.0,0,0.0
410,Texte,0,0.0,0,0.0,0,0.0,0,0.0,0,0.0,1,1.0,0,0.0,0,0.0,0,0.0
411,Texte,0,0.0,0,0.0,0,0.0,0,0.0,1,1.0,0,0.0,0,0.0,0,0.0,0,0.0
412,Texte,0,0.0,0,0.0,0,0.0,0,0.0,1,1.0,0,0.0,0,0.0,0,0.0,0,0.0
413,Texte,0,0.0,0,0.0,0,0.0,0,0.0,0,0.0,0,0.0,0,0.0,0,0.0,0,0.0
414,Texte,0,0.0,0,0.0,0,0.0,0,0.0,3,3.0,0,0.0,0,0.0,8,8.0,0,0.0
415,Texte,0,0.0,0,0.0,0,0.0,0,0.0,0,0.0,0,0.0,0,0.0,1,1.0,1,1.0
416,Texte,0,0.0,0,0.0,0,0.0,0,0.0,0,0.0,1,1.0,0,0.0,2,2.0,0,0.0
417,Texte,0,0.0,0,0.0,0,0.0,0,0.0,0,0.0,0,0.0,0,0.0,4,4.0,0,0.0
418,Texte,0,0.0,0,0.0,0,0.0,0,0.0,3,3.0,0,0.0,0,0.0,1,1.0,0,0.0
419,Texte,0,0.0,0,0.0,0,0.0,0,0.0,1,1.0,1,1.0,0,0.0,0,0.0,0,0.0
420,Texte,0,0.0,0,0.0,0,0.0,0,0.0,0,0.0,0,0.0,0,0.0,1,1.0,0,0.0
421,Texte,0,0.0,0,0.0,0,0.0,0,0.0,3,3.0,0,0.0,0,0.0,5,5.0,0,0.0
422,Texte,0,0.0,0,0.0,0,0.0,0,0.0,0,0.0,0,0.0,0,0.0,6,6.0,0,0.0
423,Texte,0,0.0,0,0.0,0,0.0,0,0.0,2,2.0,0,0.0,0,0.0,5,5.0,0,0.0
424,Texte,0,0.0,0,0.0,0,0.0,0,0.0,0,0.0,0,0.0,0,0.0,0,0.0,0,0.0
425,Texte,0,0.0,0,0.0,0,0.0,0,0.0,0,0.0,0,0.0,0,0.0,0,0.0,0,0.0
426,Texte,0,0.0,0,0.0,0,0.0,0,0.0,2,2.0,0,0.0,0,0.0,0,0.0,0,0.0
427,Texte,0,0.0,0,0.0,0,0.0,0,0.0,0,0.0,1,1.0,0,0.0,0,0.0,0,0.0
428,Texte,0,0.0,0,0.0,0,0.0,0,0.0,0,0.0,0,0.0,0,0.0,1,1.0,0,0.0
429,Texte,0,0.0,0,0.0,0,0.0,0,0.0,2,2.0,0,0.0,0,0.0,1,1.0,0,0.0
430,Texte,0,0.0,0,0.0,0,0.0,0,0.0,3,3.0,0,0.0,0,0.0,0,0.0,1,1.0
431,Texte,0,0.0,0,0.0,0,0.0,0,0.0,2,2.0,1,1.0,0,0.0,4,4.0,2,2.0
432,Texte,0,0.0,0,0.0,0,0.0,0,0.0,0,0.0,0,0.0,0,0.0,1,1.0,1,1.0
433,Texte,0,0.0,0,0.0,0,0.0,0,0.0,6,6.0,0,0.0,0,0.0,1,1.0,0,0.0
434,Texte,0,0.0,0,0.0,0,0.0,0,0.0,0,0.0,0,0.0,0,0.0,0,0.0,1,1.0
435,Texte,0,0.0,0,0.0,0,0.0,0,0.0,0,0.0,0,0.0,0,0.0,1,1.0,0,0.0
436,Texte,0,0.0,0,0.0,0,0.0,0,0.0,0,0.0,0,0.0,0,0.0,2,2.0,0,0.0
437,Texte,0,0.0,0,0.0,0,0.0,0,0.0,0,0.0,0,0.0,0,0.0,0,0.0,0,0.0
438,Texte,0,0.0,0,0.0,0,0.0,0,0.0,1,1.0,0,0.0,0,0.0,1,1.0,1,1.0
439,Texte,0,0.0,0,0.0,0,0.0,0,0.0,0,0.0,0,0.0,0,0.0,1,1.0,0,0.0
440,Texte,0,0.0,0,0.0,0,0.0,0,0.0,2,2.0,0,0.0,0,0.0,2,2.0,0,0.0
441,Texte,0,0.0,0,0.0,0,0.0,0,0.0,0,0.0,0,0.0,0,0.0,1,1.0,0,0.0
442,Texte,0,0.0,0,0.0,0,0.0,0,0.0,1,1.0,0,0.0,0,0.0,0,0.0,0,0.0
443,Texte,0,0.0,0,0.0,0,0.0,0,0.0,0,0.0,1,1.0,0,0.0,2,2.0,0,0.0
444,Texte,0,0.0,0,0.0,0,0.0,0,0.0,1,1.0,0,0.0,0,0.0,0,0.0,1,1.0
445,Texte,0,0.0,0,0.0,0,0.0,0,0.0,0,0.0,0,0.0,0,0.0,1,1.0,0,0.0
446,Texte,0,0.0,0,0.0,0,0.0,0,0.0,0,0.0,0,0.0,0,0.0,0,0.0,0,0.0
447,Texte,0,0.0,0,0.0,0,0.0,0,0.0,0,0.0,0,0.0,0,0.0,0,0.0,1,1.0
448,Texte,0,0.0,0,0.0,0,0.0,0,0.0,0,0.0,0,0.0,0,0.0,0,0.0,0,0.0
449,Texte,0,0.0,0,0.0,0,0.0,0,0.0,0,0.0,0,0.0,0,0.0,0,0.0,0,0.0
450,Texte,0,0.0,0,0.0,0,0.0,0,0.0,0,0.0,0,0.0,0,0.0,1,1.0,1,1.0
451,Texte,0,0.0,0,0.0,0,0.0,0,0.0,1,1.0,0,0.0,0,0.0,0,0.0,0,0.0
452,Texte,0,0.0,0,0.0,0,0.0,0,0.0,1,1.0,1,1.0,0,0.0,0,0.0,0,0.0
453,Texte,0,0.0,0,0.0,0,0.0,0,0.0,4,4.0,0,0.0,0,0.0,1,1.0,1,1.0
454,Texte,0,0.0,0,0.0,0,0.0,0,0.0,1,1.0,0,0.0,0,0.0,1,1.0,0,0.0
455,Texte,0,0.0,0,0.0,0,0.0,0,0.0,0,0.0,0,0.0,0,0.0,0,0.0,0,0.0
456,Texte,0,0.0,0,0.0,0,0.0,0,0.0,0,0.0,0,0.0,0,0.0,1,1.0,0,0.0
457,Texte,0,0.0,0,0.0,0,0.0,0,0.0,0,0.0,0,0.0,0,0.0,0,0.0,0,0.0
458,Texte,0,0.0,0,0.0,0,0.0,0,0.0,0,0.0,0,0.0,0,0.0,1,1.0,0,0.0
459,Texte,0,0.0,0,0.0,0,0.0,0,0.0,0,0.0,0,0.0,0,0.0,0,0.0,0,0.0
460,Texte,0,0.0,0,0.0,0,0.0,0,0.0,1,1.0,0,0.0,0,0.0,1,1.0,1,1.0
461,Texte,0,0.0,0,0.0,0,0.0,0,0.0,0,0.0,0,0.0,0,0.0,0,0.0,0,0.0
462,Texte,0,0.0,0,0.0,0,0.0,0,0.0,2,2.0,0,0.0,0,0.0,2,2.0,1,1.0
463,Texte,0,0.0,0,0.0,0,0.0,0,0.0,0,0.0,0,0.0,0,0.0,0,0.0,0,0.0
464,Texte,0,0.0,0,0.0,0,0.0,0,0.0,1,1.0,0,0.0,0,0.0,3,3.0,0,0.0
465,Texte,0,0.0,0,0.0,0,0.0,0,0.0,0,0.0,0,0.0,0,0.0,1,1.0,0,0.0
466,Texte,0,0.0,0,0.0,0,0.0,0,0.0,0,0.0,0,0.0,0,0.0,2,2.0,0,0.0
467,Texte,0,0.0,0,0.0,0,0.0,0,0.0,2,2.0,0,0.0,0,0.0,0,0.0,0,0.0
468,Texte,0,0.0,0,0.0,0,0.0,0,0.0,2,2.0,1,1.0,0,0.0,1,1.0,0,0.0
469,Texte,0,0.0,0,0.0,0,0.0,0,0.0,0,0.0,0,0.0,0,0.0,1,1.0,0,0.0
470,Texte,0,0.0,0,0.0,0,0.0,0,0.0,1,1.0,1,1.0,0,0.0,1,1.0,1,1.0
471,Texte,0,0.0,0,0.0,0,0.0,0,0.0,0,0.0,0,0.0,0,0.0,0,0.0,0,0.0
472,Texte,0,0.0,0,0.0,0,0.0,0,0.0,0,0.0,0,0.0,0,0.0,0,0.0,0,0.0
473,Texte,0,0.0,0,0.0,0,0.0,0,0.0,2,2.0,0,0.0,0,0.0,0,0.0,1,1.0
474,Texte,0,0.0,0,0.0,0,0.0,0,0.0,0,0.0,0,0.0,0,0.0,1,1.0,0,0.0
475,Texte,0,0.0,0,0.0,0,0.0,0,0.0,1,1.0,0,0.0,0,0.0,0,0.0,0,0.0
476,Texte,0,0.0,0,0.0,0,0.0,0,0.0,1,1.0,2,2.0,0,0.0,1,1.0,0,0.0
477,Texte,0,0.0,0,0.0,0,0.0,0,0.0,0,0.0,0,0.0,0,0.0,1,1.0,0,0.0
478,Texte,0,0.0,0,0.0,0,0.0,0,0.0,1,1.0,0,0.0,0,0.0,0,0.0,0,0.0
479,Texte,0,0.0,0,0.0,0,0.0,0,0.0,0,0.0,0,0.0,0,0.0,0,0.0,0,0.0
480,Texte,0,0.0,0,0.0,0,0.0,0,0.0,1,1.0,0,0.0,0,0.0,0,0.0,0,0.0
481,Texte,0,0.0,0,0.0,0,0.0,0,0.0,2,2.0,0,0.0,0,0.0,0,0.0,0,0.0
482,Texte,0,0.0,0,0.0,0,0.0,0,0.0,0,0.0,0,0.0,0,0.0,0,0.0,0,0.0
483,Texte,0,0.0,0,0.0,0,0.0,0,0.0,0,0.0,0,0.0,0,0.0,1,1.0,0,0.0
484,Texte,0,0.0,0,0.0,0,0.0,0,0.0,0,0.0,0,0.0,0,0.0,1,1.0,0,0.0
485,Texte,0,0.0,0,0.0,0,0.0,0,0.0,3,3.0,0,0.0,0,0.0,0,0.0,0,0.0
486,Texte,0,0.0,0,0.0,0,0.0,0,0.0,2,2.0,0,0.0,0,0.0,0,0.0,0,0.0
487,Texte,0,0.0,0,0.0,0,0.0,0,0.0,0,0.0,0,0.0,0,0.0,0,0.0,0,0.0
488,Texte,0,0.0,0,0.0,0,0.0,0,0.0,0,0.0,0,0.0,0,0.0,0,0.0,0,0.0
489,Texte,0,0.0,0,0.0,0,0.0,0,0.0,0,0.0,0,0.0,0,0.0,0,0.0,0,0.0
490,Texte,0,0.0,0,0.0,0,0.0,0,0.0,1,1.0,0,0.0,0,0.0,0,0.0,0,0.0
491,Texte,0,0.0,0,0.0,0,0.0,0,0.0,0,0.0,0,0.0,0,0.0,0,0.0,1,1.0
492,Texte,0,0.0,0,0.0,0,0.0,0,0.0,0,0.0,0,0.0,0,0.0,1,1.0,0,0.0
493,Texte,0,0.0,0,0.0,0,0.0,0,0.0,2,2.0,0,0.0,0,0.0,1,1.0,0,0.0
494,Texte,0,0.0,0,0.0,0,0.0,0,0.0,0,0.0,0,0.0,0,0.0,0,0.0,0,0.0
495,Texte,0,0.0,0,0.0,0,0.0,0,0.0,1,1.0,0,0.0,0,0.0,0,0.0,1,1.0
496,Texte,0,0.0,0,0.0,0,0.0,0,0.0,0,0.0,0,0.0,0,0.0,0,0.0,0,0.0
497,Texte,0,0.0,0,0.0,1,1.0,0,0.0,2,2.0,0,0.0,0,0.0,0,0.0,0,0.0
498,Texte,0,0.0,0,0.0,1,1.0,0,0.0,0,0.0,0,0.0,0,0.0,2,2.0,0,0.0
499,Texte,0,0.0,0,0.0,0,0.0,0,0.0,2,2.0,0,0.0,0,0.0,2,2.0,1,1.0
500,Texte,0,0.0,0,0.0,0,0.0,0,0.0,0,0.0,0,0.0,0,0.0,1,1.0,0,0.0
501,Texte,0,0.0,0,0.0,0,0.0,0,0.0,2,2.0,0,0.0,0,0.0,0,0.0,0,0.0
502,Texte,0,0.0,0,0.0,1,1.0,0,0.0,2,2.0,0,0.0,0,0.0,1,1.0,0,0.0
503,Texte,0,0.0,0,0.0,0,0.0,0,0.0,2,2.0,0,0.0,0,0.0,1,1.0,1,1.0
504,Texte,0,0.0,0,0.0,0,0.0,0,0.0,0,0.0,0,0.0,0,0.0,0,0.0,0,0.0
505,Texte,0,0.0,0,0.0,0,0.0,0,0.0,1,1.0,0,0.0,0,0.0,1,1.0,0,0.0
506,Texte,0,0.0,0,0.0,0,0.0,0,0.0,2,2.0,0,0.0,0,0.0,2,2.0,0,0.0
507,Texte,0,0.0,0,0.0,0,0.0,0,0.0,1,1.0,0,0.0,0,0.0,0,0.0,0,0.0
508,Texte,0,0.0,0,0.0,0,0.0,0,0.0,1,1.0,0,0.0,0,0.0,1,1.0,0,0.0
509,Texte,0,0.0,0,0.0,0,0.0,0,0.0,2,2.0,0,0.0,0,0.0,1,1.0,0,0.0
510,Texte,0,0.0,0,0.0,0,0.0,0,0.0,0,0.0,0,0.0,0,0.0,0,0.0,0,0.0
511,Texte,0,0.0,0,0.0,0,0.0,0,0.0,2,2.0,0,0.0,0,0.0,1,1.0,0,0.0
512,Texte,0,0.0,0,0.0,0,0.0,0,0.0,0,0.0,0,0.0,0,0.0,0,0.0,0,0.0
513,Texte,0,0.0,0,0.0,0,0.0,0,0.0,2,2.0,0,0.0,0,0.0,1,1.0,0,0.0
514,Texte,0,0.0,0,0.0,0,0.0,0,0.0,0,0.0,0,0.0,0,0.0,0,0.0,0,0.0
515,Texte,0,0.0,0,0.0,0,0.0,0,0.0,0,0.0,0,0.0,0,0.0,0,0.0,0,0.0
516,Texte,0,0.0,0,0.0,0,0.0,0,0.0,0,0.0,0,0.0,0,0.0,0,0.0,0,0.0
517,Texte,0,0.0,0,0.0,0,0.0,0,0.0,1,1.0,0,0.0,0,0.0,0,0.0,0,0.0
518,Texte,0,0.0,0,0.0,0,0.0,0,0.0,1,1.0,0,0.0,0,0.0,0,0.0,0,0.0
519,Texte,0,0.0,0,0.0,0,0.0,0,0.0,1,1.0,0,0.0,0,0.0,0,0.0,0,0.0
520,Texte,0,0.0,0,0.0,0,0.0,0,0.0,0,0.0,1,1.0,0,0.0,1,1.0,0,0.0
521,Texte,0,0.0,0,0.0,0,0.0,0,0.0,1,1.0,0,0.0,0,0.0,1,1.0,0,0.0
522,Texte,0,0.0,0,0.0,0,0.0,0,0.0,0,0.0,0,0.0,0,0.0,2,2.0,0,0.0
523,Texte,0,0.0,0,0.0,0,0.0,0,0.0,0,0.0,1,1.0,0,0.0,0,0.0,0,0.0
524,Texte,0,0.0,0,0.0,1,1.0,0,0.0,2,2.0,0,0.0,0,0.0,2,2.0,0,0.0
525,Texte,0,0.0,0,0.0,0,0.0,0,0.0,1,1.0,0,0.0,0,0.0,1,1.0,2,2.0
526,Texte,0,0.0,0,0.0,0,0.0,0,0.0,0,0.0,0,0.0,0,0.0,1,1.0,0,0.0
527,Texte,0,0.0,0,0.0,0,0.0,0,0.0,1,1.0,1,1.0,0,0.0,3,3.0,0,0.0
528,Texte,0,0.0,0,0.0,0,0.0,0,0.0,0,0.0,0,0.0,0,0.0,0,0.0,0,0.0
529,Texte,0,0.0,0,0.0,0,0.0,0,0.0,0,0.0,1,1.0,0,0.0,0,0.0,0,0.0
530,Texte,0,0.0,0,0.0,0,0.0,0,0.0,0,0.0,0,0.0,0,0.0,0,0.0,0,0.0
531,Texte,0,0.0,0,0.0,0,0.0,0,0.0,0,0.0,1,1.0,0,0.0,1,1.0,1,1.0
532,Texte,0,0.0,0,0.0,0,0.0,0,0.0,0,0.0,0,0.0,0,0.0,0,0.0,0,0.0
533,Texte,0,0.0,0,0.0,0,0.0,0,0.0,0,0.0,0,0.0,0,0.0,2,2.0,0,0.0
534,Texte,0,0.0,0,0.0,0,0.0,0,0.0,1,1.0,0,0.0,0,0.0,0,0.0,0,0.0
535,Texte,0,0.0,0,0.0,0,0.0,0,0.0,0,0.0,0,0.0,0,0.0,1,1.0,0,0.0
536,Texte,0,0.0,0,0.0,0,0.0,0,0.0,1,1.0,0,0.0,0,0.0,1,1.0,0,0.0
537,Texte,0,0.0,0,0.0,0,0.0,0,0.0,0,0.0,0,0.0,0,0.0,4,4.0,0,0.0
538,Texte,0,0.0,0,0.0,0,0.0,0,0.0,0,0.0,0,0.0,0,0.0,0,0.0,1,1.0
539,Texte,0,0.0,0,0.0,0,0.0,0,0.0,1,1.0,0,0.0,0,0.0,0,0.0,0,0.0
540,Texte,0,0.0,0,0.0,0,0.0,0,0.0,1,1.0,0,0.0,0,0.0,0,0.0,0,0.0
541,Texte,0,0.0,0,0.0,0,0.0,0,0.0,2,2.0,1,1.0,0,0.0,0,0.0,0,0.0
542,Texte,0,0.0,0,0.0,0,0.0,0,0.0,2,2.0,0,0.0,0,0.0,3,3.0,0,0.0
543,Texte,0,0.0,0,0.0,0,0.0,0,0.0,0,0.0,0,0.0,0,0.0,0,0.0,0,0.0
544,Texte,0,0.0,0,0.0,0,0.0,0,0.0,1,1.0,0,0.0,0,0.0,1,1.0,0,0.0
545,Texte,0,0.0,0,0.0,0,0.0,0,0.0,1,1.0,0,0.0,0,0.0,0,0.0,0,0.0
546,Texte,0,0.0,0,0.0,0,0.0,0,0.0,0,0.0,0,0.0,0,0.0,3,3.0,0,0.0
547,Texte,0,0.0,0,0.0,0,0.0,0,0.0,0,0.0,0,0.0,0,0.0,3,3.0,0,0.0
548,Texte,0,0.0,0,0.0,0,0.0,0,0.0,0,0.0,0,0.0,0,0.0,1,1.0,0,0.0
549,Texte,0,0.0,0,0.0,0,0.0,0,0.0,1,1.0,0,0.0,0,0.0,1,1.0,0,0.0
550,Texte,0,0.0,0,0.0,0,0.0,0,0.0,0,0.0,0,0.0,0,0.0,1,1.0,0,0.0
551,Texte,0,0.0,0,0.0,0,0.0,0,0.0,1,1.0,0,0.0,0,0.0,2,2.0,0,0.0
552,Texte,0,0.0,0,0.0,0,0.0,0,0.0,1,1.0,0,0.0,0,0.0,0,0.0,0,0.0
553,Texte,0,0.0,0,0.0,0,0.0,0,0.0,4,4.0,0,0.0,0,0.0,1,1.0,0,0.0
554,Texte,0,0.0,0,0.0,1,1.0,0,0.0,1,1.0,0,0.0,0,0.0,2,2.0,0,0.0
555,Texte,0,0.0,0,0.0,0,0.0,0,0.0,1,1.0,0,0.0,0,0.0,0,0.0,0,0.0
556,Texte,0,0.0,0,0.0,0,0.0,0,0.0,0,0.0,0,0.0,0,0.0,0,0.0,0,0.0
557,Texte,0,0.0,0,0.0,0,0.0,0,0.0,1,1.0,0,0.0,0,0.0,0,0.0,0,0.0
558,Texte,0,0.0,0,0.0,0,0.0,0,0.0,0,0.0,0,0.0,0,0.0,1,1.0,0,0.0
559,Texte,0,0.0,0,0.0,0,0.0,0,0.0,0,0.0,0,0.0,0,0.0,1,1.0,0,0.0
560,Texte,0,0.0,0,0.0,0,0.0,0,0.0,1,1.0,0,0.0,0,0.0,0,0.0,0,0.0
561,Texte,0,0.0,0,0.0,0,0.0,0,0.0,0,0.0,0,0.0,0,0.0,0,0.0,0,0.0
562,Texte,0,0.0,0,0.0,0,0.0,0,0.0,2,2.0,0,0.0,0,0.0,0,0.0,0,0.0
563,Texte,0,0.0,0,0.0,0,0.0,0,0.0,2,2.0,0,0.0,0,0.0,1,1.0,0,0.0
564,Texte,0,0.0,0,0.0,0,0.0,0,0.0,0,0.0,0,0.0,0,0.0,1,1.0,0,0.0
565,Texte,0,0.0,0,0.0,0,0.0,0,0.0,3,3.0,1,1.0,0,0.0,0,0.0,0,0.0
566,Texte,0,0.0,0,0.0,0,0.0,0,0.0,0,0.0,0,0.0,0,0.0,1,1.0,0,0.0
567,Texte,0,0.0,0,0.0,0,0.0,0,0.0,0,0.0,0,0.0,0,0.0,0,0.0,0,0.0
568,Texte,0,0.0,0,0.0,0,0.0,0,0.0,0,0.0,0,0.0,0,0.0,1,1.0,0,0.0
569,Texte,0,0.0,0,0.0,0,0.0,0,0.0,1,1.0,0,0.0,0,0.0,1,1.0,0,0.0
570,Texte,0,0.0,0,0.0,0,0.0,0,0.0,1,1.0,0,0.0,0,0.0,1,1.0,0,0.0
571,Texte,0,0.0,0,0.0,0,0.0,0,0.0,4,4.0,0,0.0,0,0.0,2,2.0,0,0.0
572,Texte,0,0.0,0,0.0,0,0.0,0,0.0,1,1.0,0,0.0,0,0.0,2,2.0,0,0.0
573,Texte,0,0.0,0,0.0,0,0.0,0,0.0,3,3.0,0,0.0,0,0.0,1,1.0,0,0.0
574,Texte,0,0.0,0,0.0,0,0.0,0,0.0,1,1.0,0,0.0,0,0.0,1,1.0,0,0.0
575,Texte,0,0.0,0,0.0,0,0.0,0,0.0,0,0.0,0,0.0,0,0.0,0,0.0,0,0.0
576,Texte,0,0.0,0,0.0,0,0.0,0,0.0,3,3.0,1,1.0,0,0.0,2,2.0,1,1.0
577,Texte,0,0.0,0,0.0,0,0.0,0,0.0,0,0.0,0,0.0,0,0.0,0,0.0,0,0.0
578,Texte,0,0.0,0,0.0,0,0.0,0,0.0,0,0.0,0,0.0,0,0.0,0,0.0,0,0.0
579,Texte,0,0.0,0,0.0,0,0.0,0,0.0,1,1.0,0,0.0,0,0.0,0,0.0,0,0.0
580,Texte,0,0.0,0,0.0,0,0.0,0,0.0,0,0.0,0,0.0,0,0.0,0,0.0,0,0.0
581,Texte,0,0.0,0,0.0,1,1.0,0,0.0,1,1.0,0,0.0,0,0.0,1,1.0,0,0.0
582,Texte,0,0.0,0,0.0,0,0.0,0,0.0,1,1.0,0,0.0,0,0.0,0,0.0,0,0.0
583,Texte,0,0.0,0,0.0,0,0.0,0,0.0,0,0.0,0,0.0,0,0.0,1,1.0,0,0.0
584,Texte,0,0.0,0,0.0,0,0.0,0,0.0,1,1.0,0,0.0,0,0.0,1,1.0,0,0.0
585,Texte,0,0.0,0,0.0,0,0.0,0,0.0,1,1.0,0,0.0,0,0.0,2,2.0,0,0.0
586,Texte,0,0.0,0,0.0,0,0.0,0,0.0,1,1.0,0,0.0,0,0.0,2,2.0,0,0.0
587,Texte,0,0.0,0,0.0,0,0.0,0,0.0,0,0.0,0,0.0,0,0.0,2,2.0,0,0.0
588,Texte,0,0.0,0,0.0,0,0.0,0,0.0,1,1.0,1,1.0,0,0.0,1,1.0,0,0.0
589,Texte,0,0.0,0,0.0,0,0.0,0,0.0,1,1.0,0,0.0,0,0.0,0,0.0,0,0.0
590,Texte,0,0.0,0,0.0,0,0.0,0,0.0,0,0.0,0,0.0,0,0.0,2,2.0,0,0.0
591,Texte,0,0.0,0,0.0,0,0.0,0,0.0,0,0.0,0,0.0,0,0.0,0,0.0,0,0.0
592,Texte,0,0.0,0,0.0,1,1.0,0,0.0,2,2.0,0,0.0,0,0.0,1,1.0,0,0.0
593,Texte,0,0.0,0,0.0,0,0.0,0,0.0,0,0.0,0,0.0,0,0.0,0,0.0,0,0.0
594,Texte,0,0.0,0,0.0,0,0.0,0,0.0,1,1.0,0,0.0,0,0.0,0,0.0,0,0.0
595,Texte,0,0.0,0,0.0,0,0.0,0,0.0,1,1.0,0,0.0,0,0.0,1,1.0,0,0.0
596,Texte,0,0.0,0,0.0,1,1.0,0,0.0,2,2.0,0,0.0,0,0.0,3,3.0,1,1.0
597,Texte,0,0.0,0,0.0,0,0.0,0,0.0,0,0.0,1,1.0,0,0.0,1,1.0,0,0.0
598,Texte,0,0.0,0,0.0,0,0.0,0,0.0,0,0.0,0,0.0,0,0.0,3,3.0,0,0.0
599,Texte,0,0.0,0,0.0,0,0.0,0,0.0,2,1.0,0,0.0,0,0.0,1,0.5,0,0.0
600,Texte,0,0.0,0,0.0,0,0.0,0,0.0,0,0.0,0,0.0,0,0.0,1,1.0,0,0.0
601,Texte,0,0.0,0,0.0,0,0.0,0,0.0,0,0.0,0,0.0,0,0.0,0,0.0,0,0.0
602,Texte,0,0.0,0,0.0,0,0.0,0,0.0,0,0.0,0,0.0,0,0.0,3,3.0,0,0.0
603,Texte,0,0.0,0,0.0,0,0.0,0,0.0,1,1.0,1,1.0,0,0.0,1,1.0,0,0.0
604,Texte,0,0.0,0,0.0,0,0.0,0,0.0,3,3.0,1,1.0,0,0.0,5,5.0,0,0.0
605,Texte,0,0.0,0,0.0,0,0.0,0,0.0,0,0.0,0,0.0,0,0.0,0,0.0,0,0.0
606,Texte,0,0.0,0,0.0,0,0.0,0,0.0,0,0.0,0,0.0,0,0.0,0,0.0,1,1.0
607,Texte,0,0.0,0,0.0,0,0.0,0,0.0,1,1.0,1,1.0,0,0.0,1,1.0,0,0.0
608,Texte,0,0.0,0,0.0,0,0.0,0,0.0,0,0.0,0,0.0,0,0.0,2,2.0,0,0.0
609,Texte,0,0.0,0,0.0,0,0.0,0,0.0,0,0.0,0,0.0,0,0.0,0,0.0,0,0.0
610,Texte,0,0.0,0,0.0,0,0.0,0,0.0,1,1.0,0,0.0,0,0.0,0,0.0,0,0.0
611,Texte,0,0.0,0,0.0,0,0.0,0,0.0,0,0.0,0,0.0,0,0.0,3,3.0,0,0.0
612,Texte,0,0.0,0,0.0,0,0.0,0,0.0,1,1.0,0,0.0,0,0.0,0,0.0,0,0.0
613,Texte,0,0.0,0,0.0,0,0.0,0,0.0,0,0.0,0,0.0,0,0.0,2,2.0,0,0.0
614,Texte,0,0.0,0,0.0,0,0.0,0,0.0,0,0.0,0,0.0,0,0.0,0,0.0,0,0.0
615,Texte,0,0.0,0,0.0,0,0.0,0,0.0,0,0.0,0,0.0,0,0.0,1,1.0,0,0.0
616,Texte,0,0.0,0,0.0,0,0.0,0,0.0,3,3.0,0,0.0,0,0.0,1,1.0,0,0.0
617,Texte,0,0.0,0,0.0,0,0.0,0,0.0,2,2.0,0,0.0,0,0.0,2,2.0,0,0.0
618,Texte,0,0.0,0,0.0,0,0.0,0,0.0,0,0.0,0,0.0,0,0.0,1,1.0,0,0.0
619,Texte,0,0.0,0,0.0,0,0.0,0,0.0,0,0.0,0,0.0,0,0.0,0,0.0,1,1.0
620,Texte,0,0.0,0,0.0,0,0.0,0,0.0,2,2.0,0,0.0,0,0.0,0,0.0,0,0.0
621,Texte,0,0.0,0,0.0,0,0.0,0,0.0,1,1.0,0,0.0,0,0.0,4,4.0,0,0.0
622,Texte,0,0.0,0,0.0,0,0.0,0,0.0,0,0.0,0,0.0,0,0.0,1,1.0,0,0.0
623,Texte,0,0.0,0,0.0,0,0.0,0,0.0,1,1.0,0,0.0,0,0.0,1,1.0,1,1.0
624,Texte,0,0.0,0,0.0,0,0.0,0,0.0,2,2.0,1,1.0,0,0.0,1,1.0,1,1.0
625,Texte,0,0.0,0,0.0,0,0.0,0,0.0,1,1.0,0,0.0,0,0.0,1,1.0,1,1.0
626,Texte,0,0.0,0,0.0,0,0.0,0,0.0,1,1.0,0,0.0,0,0.0,2,2.0,0,0.0
627,Texte,0,0.0,0,0.0,0,0.0,0,0.0,1,1.0,1,1.0,0,0.0,2,2.0,0,0.0
628,Texte,0,0.0,0,0.0,0,0.0,0,0.0,3,3.0,2,2.0,0,0.0,2,2.0,1,1.0
629,Texte,0,0.0,0,0.0,0,0.0,0,0.0,1,1.0,0,0.0,0,0.0,1,1.0,0,0.0
630,Texte,0,0.0,0,0.0,0,0.0,0,0.0,0,0.0,0,0.0,0,0.0,1,1.0,0,0.0
631,Texte,0,0.0,0,0.0,0,0.0,0,0.0,0,0.0,0,0.0,0,0.0,1,1.0,0,0.0
632,Texte,0,0.0,0,0.0,0,0.0,0,0.0,1,1.0,0,0.0,0,0.0,1,1.0,0,0.0
633,Texte,0,0.0,0,0.0,0,0.0,0,0.0,0,0.0,0,0.0,0,0.0,1,1.0,1,1.0
634,Texte,0,0.0,0,0.0,0,0.0,0,0.0,2,2.0,0,0.0,0,0.0,1,1.0,0,0.0
635,Texte,0,0.0,0,0.0,1,1.0,0,0.0,3,3.0,2,2.0,0,0.0,3,3.0,0,0.0
636,Texte,0,0.0,0,0.0,0,0.0,0,0.0,0,0.0,0,0.0,0,0.0,4,4.0,0,0.0
637,Texte,0,0.0,0,0.0,0,0.0,0,0.0,0,0.0,0,0.0,0,0.0,1,1.0,1,1.0
638,Texte,0,0.0,0,0.0,0,0.0,0,0.0,2,2.0,1,1.0,0,0.0,6,6.0,1,1.0
639,Texte,0,0.0,0,0.0,0,0.0,0,0.0,2,2.0,0,0.0,0,0.0,3,3.0,1,1.0
640,Texte,0,0.0,0,0.0,0,0.0,0,0.0,1,1.0,0,0.0,0,0.0,3,3.0,0,0.0
641,Texte,0,0.0,0,0.0,0,0.0,0,0.0,4,4.0,1,1.0,0,0.0,0,0.0,0,0.0
642,Texte,0,0.0,0,0.0,0,0.0,0,0.0,1,1.0,1,1.0,0,0.0,0,0.0,0,0.0
643,Texte,0,0.0,0,0.0,0,0.0,0,0.0,0,0.0,0,0.0,0,0.0,1,1.0,0,0.0
644,Texte,0,0.0,0,0.0,0,0.0,0,0.0,2,2.0,0,0.0,0,0.0,4,4.0,1,1.0
645,Texte,0,0.0,0,0.0,0,0.0,0,0.0,1,1.0,1,1.0,0,0.0,1,1.0,0,0.0
646,Texte,0,0.0,0,0.0,1,1.0,0,0.0,0,0.0,0,0.0,0,0.0,2,2.0,0,0.0
647,Texte,0,0.0,0,0.0,0,0.0,0,0.0,1,1.0,0,0.0,0,0.0,3,3.0,1,1.0
648,Texte,0,0.0,0,0.0,0,0.0,0,0.0,2,2.0,0,0.0,0,0.0,3,3.0,1,1.0
649,Texte,0,0.0,0,0.0,0,0.0,0,0.0,0,0.0,0,0.0,0,0.0,1,1.0,0,0.0
650,Texte,0,0.0,0,0.0,0,0.0,0,0.0,1,1.0,0,0.0,0,0.0,3,3.0,0,0.0
651,Texte,0,0.0,0,0.0,0,0.0,0,0.0,0,0.0,0,0.0,0,0.0,2,2.0,1,1.0
652,Texte,0,0.0,0,0.0,0,0.0,0,0.0,2,2.0,0,0.0,0,0.0,5,5.0,1,1.0
653,Texte,0,0.0,0,0.0,0,0.0,0,0.0,1,1.0,0,0.0,0,0.0,0,0.0,1,1.0
654,Texte,0,0.0,0,0.0,0,0.0,0,0.0,8,8.0,0,0.0,0,0.0,2,2.0,1,1.0
655,Texte,0,0.0,0,0.0,0,0.0,0,0.0,3,3.0,0,0.0,0,0.0,2,2.0,1,1.0
656,Texte,0,0.0,0,0.0,0,0.0,0,0.0,3,3.0,0,0.0,0,0.0,1,1.0,0,0.0
657,Texte,0,0.0,0,0.0,0,0.0,0,0.0,6,3.0,0,0.0,0,0.0,3,1.5,0,0.0
658,Texte,0,0.0,0,0.0,1,1.0,0,0.0,1,1.0,0,0.0,0,0.0,1,1.0,1,1.0
659,Texte,0,0.0,0,0.0,0,0.0,0,0.0,0,0.0,1,1.0,0,0.0,0,0.0,0,0.0
660,Texte,0,0.0,0,0.0,0,0.0,0,0.0,1,1.0,0,0.0,0,0.0,0,0.0,0,0.0
661,Texte,0,0.0,0,0.0,0,0.0,0,0.0,4,4.0,0,0.0,0,0.0,0,0.0,0,0.0
662,Texte,0,0.0,0,0.0,0,0.0,0,0.0,1,1.0,0,0.0,0,0.0,0,0.0,0,0.0
663,Texte,0,0.0,0,0.0,0,0.0,0,0.0,0,0.0,0,0.0,0,0.0,0,0.0,0,0.0
664,Texte,0,0.0,0,0.0,0,0.0,0,0.0,1,1.0,0,0.0,0,0.0,3,3.0,0,0.0
665,Texte,0,0.0,0,0.0,0,0.0,0,0.0,0,0.0,0,0.0,0,0.0,3,3.0,2,2.0
666,Texte,0,0.0,0,0.0,0,0.0,0,0.0,0,0.0,0,0.0,0,0.0,0,0.0,0,0.0
667,Texte,0,0.0,0,0.0,0,0.0,0,0.0,2,2.0,0,0.0,0,0.0,0,0.0,1,1.0
668,Texte,0,0.0,0,0.0,0,0.0,0,0.0,0,0.0,0,0.0,0,0.0,0,0.0,0,0.0
669,Texte,0,0.0,0,0.0,0,0.0,0,0.0,1,1.0,1,1.0,0,0.0,4,4.0,0,0.0
670,Texte,0,0.0,0,0.0,1,1.0,0,0.0,4,4.0,0,0.0,0,0.0,1,1.0,0,0.0
671,Texte,0,0.0,0,0.0,0,0.0,0,0.0,0,0.0,0,0.0,0,0.0,2,2.0,0,0.0
672,Texte,0,0.0,0,0.0,0,0.0,0,0.0,2,2.0,0,0.0,0,0.0,5,5.0,0,0.0
673,Texte,0,0.0,0,0.0,0,0.0,0,0.0,0,0.0,0,0.0,0,0.0,2,2.0,0,0.0
674,Texte,0,0.0,0,0.0,0,0.0,0,0.0,6,6.0,0,0.0,0,0.0,4,4.0,1,1.0
675,Texte,0,0.0,0,0.0,0,0.0,0,0.0,2,2.0,0,0.0,0,0.0,2,2.0,0,0.0
676,Texte,0,0.0,0,0.0,0,0.0,0,0.0,3,3.0,0,0.0,0,0.0,5,5.0,1,1.0
677,Texte,0,0.0,0,0.0,0,0.0,0,0.0,0,0.0,0,0.0,0,0.0,2,2.0,0,0.0
678,Texte,0,0.0,0,0.0,0,0.0,0,0.0,5,5.0,0,0.0,0,0.0,8,8.0,3,3.0
679,Texte,0,0.0,0,0.0,0,0.0,0,0.0,6,6.0,0,0.0,0,0.0,2,2.0,1,1.0
680,Texte,0,0.0,0,0.0,0,0.0,0,0.0,1,1.0,0,0.0,0,0.0,3,3.0,0,0.0
681,Texte,0,0.0,0,0.0,1,1.0,0,0.0,2,2.0,0,0.0,0,0.0,1,1.0,0,0.0
682,Texte,0,0.0,0,0.0,0,0.0,0,0.0,2,2.0,0,0.0,0,0.0,0,0.0,0,0.0
683,Texte,0,0.0,0,0.0,0,0.0,0,0.0,1,1.0,1,1.0,0,0.0,1,1.0,1,1.0
684,Texte,0,0.0,0,0.0,0,0.0,0,0.0,1,1.0,0,0.0,0,0.0,0,0.0,2,2.0
685,Texte,0,0.0,0,0.0,0,0.0,0,0.0,2,2.0,1,1.0,0,0.0,0,0.0,1,1.0
686,Texte,0,0.0,0,0.0,0,0.0,0,0.0,1,1.0,0,0.0,0,0.0,1,1.0,1,1.0
687,Texte,0,0.0,0,0.0,0,0.0,0,0.0,0,0.0,0,0.0,0,0.0,0,0.0,3,3.0
688,Texte,0,0.0,0,0.0,0,0.0,0,0.0,0,0.0,1,1.0,0,0.0,3,3.0,0,0.0
689,Texte,0,0.0,0,0.0,0,0.0,0,0.0,1,1.0,0,0.0,0,0.0,2,2.0,0,0.0
690,Texte,0,0.0,0,0.0,0,0.0,0,0.0,1,1.0,1,1.0,0,0.0,4,4.0,3,3.0
691,Texte,0,0.0,0,0.0,0,0.0,0,0.0,0,0.0,0,0.0,0,0.0,2,2.0,0,0.0
692,Texte,0,0.0,0,0.0,0,0.0,0,0.0,2,2.0,0,0.0,0,0.0,2,2.0,0,0.0
693,Texte,0,0.0,0,0.0,0,0.0,0,0.0,2,2.0,0,0.0,0,0.0,4,4.0,0,0.0
694,Texte,0,0.0,0,0.0,0,0.0,0,0.0,1,1.0,0,0.0,0,0.0,2,2.0,0,0.0
695,Texte,0,0.0,0,0.0,0,0.0,0,0.0,0,0.0,0,0.0,0,0.0,0,0.0,0,0.0
696,Texte,0,0.0,0,0.0,0,0.0,0,0.0,3,3.0,1,1.0,0,0.0,1,1.0,0,0.0
697,Texte,0,0.0,0,0.0,0,0.0,0,0.0,1,1.0,0,0.0,0,0.0,0,0.0,0,0.0
698,Texte,0,0.0,0,0.0,0,0.0,0,0.0,3,3.0,0,0.0,0,0.0,3,3.0,3,3.0
699,Texte,0,0.0,0,0.0,0,0.0,0,0.0,3,3.0,0,0.0,0,0.0,1,1.0,0,0.0
700,Texte,0,0.0,0,0.0,0,0.0,0,0.0,0,0.0,0,0.0,0,0.0,1,1.0,0,0.0
701,Texte,0,0.0,0,0.0,0,0.0,0,0.0,0,0.0,0,0.0,0,0.0,1,1.0,1,1.0
702,Texte,0,0.0,0,0.0,0,0.0,0,0.0,2,2.0,0,0.0,0,0.0,1,1.0,0,0.0
703,Texte,0,0.0,0,0.0,0,0.0,0,0.0,0,0.0,0,0.0,0,0.0,2,2.0,0,0.0
704,Texte,0,0.0,0,0.0,0,0.0,0,0.0,0,0.0,0,0.0,0,0.0,2,2.0,0,0.0
705,Texte,0,0.0,0,0.0,0,0.0,0,0.0,1,1.0,1,1.0,0,0.0,0,0.0,0,0.0
706,Texte,0,0.0,0,0.0,0,0.0,0,0.0,5,5.0,0,0.0,0,0.0,2,2.0,0,0.0
707,Texte,0,0.0,0,0.0,0,0.0,0,0.0,0,0.0,0,0.0,0,0.0,0,0.0,0,0.0
708,Texte,0,0.0,0,0.0,0,0.0,0,0.0,2,2.0,0,0.0,0,0.0,1,1.0,0,0.0
709,Texte,0,0.0,0,0.0,0,0.0,0,0.0,2,2.0,0,0.0,0,0.0,4,4.0,0,0.0
710,Texte,0,0.0,0,0.0,0,0.0,0,0.0,0,0.0,0,0.0,0,0.0,2,2.0,0,0.0
711,Texte,0,0.0,0,0.0,0,0.0,0,0.0,0,0.0,0,0.0,0,0.0,1,1.0,0,0.0
712,Texte,0,0.0,0,0.0,0,0.0,0,0.0,2,2.0,2,2.0,0,0.0,4,4.0,1,1.0
713,Texte,0,0.0,0,0.0,0,0.0,0,0.0,3,3.0,0,0.0,0,0.0,4,4.0,0,0.0
714,Texte,0,0.0,0,0.0,0,0.0,0,0.0,3,3.0,0,0.0,0,0.0,5,5.0,0,0.0
715,Texte,0,0.0,0,0.0,0,0.0,0,0.0,4,4.0,0,0.0,0,0.0,0,0.0,0,0.0
716,Texte,0,0.0,0,0.0,0,0.0,0,0.0,1,1.0,1,1.0,0,0.0,0,0.0,0,0.0
717,Texte,0,0.0,0,0.0,0,0.0,0,0.0,2,2.0,1,1.0,0,0.0,3,3.0,0,0.0
718,Texte,0,0.0,0,0.0,0,0.0,0,0.0,0,0.0,1,1.0,0,0.0,1,1.0,0,0.0
719,Texte,0,0.0,0,0.0,0,0.0,0,0.0,3,3.0,1,1.0,0,0.0,6,6.0,2,2.0
720,Texte,0,0.0,0,0.0,0,0.0,0,0.0,1,1.0,1,1.0,0,0.0,1,1.0,1,1.0
721,Texte,0,0.0,0,0.0,0,0.0,0,0.0,2,2.0,0,0.0,0,0.0,0,0.0,1,1.0
722,Texte,0,0.0,0,0.0,0,0.0,0,0.0,1,1.0,0,0.0,0,0.0,2,2.0,0,0.0
723,Texte,0,0.0,0,0.0,0,0.0,0,0.0,3,3.0,0,0.0,0,0.0,2,2.0,0,0.0
724,Texte,0,0.0,0,0.0,0,0.0,0,0.0,2,2.0,1,1.0,0,0.0,7,7.0,1,1.0
725,Texte,0,0.0,0,0.0,0,0.0,0,0.0,1,1.0,0,0.0,0,0.0,6,6.0,1,1.0
726,Texte,0,0.0,0,0.0,0,0.0,0,0.0,4,4.0,1,1.0,0,0.0,4,4.0,0,0.0
727,Texte,0,0.0,0,0.0,0,0.0,0,0.0,3,3.0,0,0.0,0,0.0,1,1.0,1,1.0
728,Texte,0,0.0,0,0.0,0,0.0,0,0.0,1,1.0,0,0.0,0,0.0,2,2.0,0,0.0
729,Texte,0,0.0,0,0.0,0,0.0,0,0.0,2,2.0,0,0.0,0,0.0,1,1.0,1,1.0
730,Texte,0,0.0,0,0.0,0,0.0,0,0.0,0,0.0,0,0.0,0,0.0,1,1.0,0,0.0
731,Texte,0,0.0,0,0.0,0,0.0,0,0.0,2,2.0,0,0.0,0,0.0,1,1.0,0,0.0
732,Texte,0,0.0,0,0.0,1,1.0,0,0.0,2,2.0,0,0.0,0,0.0,3,3.0,0,0.0
733,Texte,0,0.0,0,0.0,0,0.0,0,0.0,1,1.0,0,0.0,0,0.0,0,0.0,0,0.0
734,Texte,0,0.0,0,0.0,0,0.0,0,0.0,0,0.0,0,0.0,0,0.0,4,4.0,1,1.0
735,Texte,0,0.0,0,0.0,0,0.0,0,0.0,1,1.0,0,0.0,0,0.0,2,2.0,1,1.0
736,Texte,0,0.0,0,0.0,0,0.0,0,0.0,2,2.0,0,0.0,0,0.0,3,3.0,1,1.0
737,Texte,0,0.0,0,0.0,0,0.0,0,0.0,1,1.0,0,0.0,0,0.0,1,1.0,0,0.0
738,Texte,0,0.0,0,0.0,0,0.0,0,0.0,1,1.0,0,0.0,0,0.0,1,1.0,0,0.0
739,Texte,0,0.0,0,0.0,0,0.0,0,0.0,1,1.0,1,1.0,0,0.0,1,1.0,0,0.0
740,Texte,0,0.0,0,0.0,0,0.0,0,0.0,1,1.0,0,0.0,0,0.0,3,3.0,0,0.0
741,Texte,0,0.0,0,0.0,0,0.0,0,0.0,1,1.0,0,0.0,0,0.0,1,1.0,0,0.0
742,Texte,0,0.0,0,0.0,0,0.0,0,0.0,0,0.0,0,0.0,0,0.0,0,0.0,0,0.0
743,Texte,0,0.0,0,0.0,0,0.0,0,0.0,0,0.0,0,0.0,0,0.0,0,0.0,0,0.0
744,Texte,0,0.0,0,0.0,0,0.0,0,0.0,2,2.0,0,0.0,0,0.0,1,1.0,0,0.0
745,Texte,0,0.0,0,0.0,0,0.0,0,0.0,3,3.0,0,0.0,0,0.0,0,0.0,0,0.0
746,Texte,0,0.0,0,0.0,0,0.0,0,0.0,2,2.0,1,1.0,0,0.0,0,0.0,1,1.0
747,Texte,0,0.0,0,0.0,0,0.0,0,0.0,0,0.0,1,1.0,0,0.0,0,0.0,0,0.0
748,Texte,0,0.0,0,0.0,0,0.0,0,0.0,0,0.0,0,0.0,0,0.0,0,0.0,0,0.0
749,Texte,0,0.0,0,0.0,0,0.0,0,0.0,0,0.0,0,0.0,0,0.0,1,1.0,1,1.0
750,Texte,0,0.0,0,0.0,0,0.0,0,0.0,0,0.0,1,1.0,0,0.0,0,0.0,0,0.0
751,Texte,0,0.0,0,0.0,0,0.0,0,0.0,1,1.0,0,0.0,0,0.0,0,0.0,0,0.0
752,Texte,0,0.0,0,0.0,1,1.0,0,0.0,1,1.0,0,0.0,0,0.0,1,1.0,0,0.0
753,Texte,0,0.0,0,0.0,0,0.0,0,0.0,1,1.0,0,0.0,0,0.0,1,1.0,0,0.0
754,Texte,0,0.0,0,0.0,0,0.0,0,0.0,1,1.0,0,0.0,0,0.0,1,1.0,0,0.0
755,Texte,0,0.0,0,0.0,0,0.0,0,0.0,0,0.0,0,0.0,0,0.0,0,0.0,0,0.0
756,Texte,0,0.0,0,0.0,0,0.0,0,0.0,0,0.0,0,0.0,0,0.0,1,0.5,0,0.0
757,Texte,0,0.0,0,0.0,0,0.0,0,0.0,0,0.0,0,0.0,0,0.0,0,0.0,0,0.0
758,Texte,0,0.0,0,0.0,0,0.0,0,0.0,0,0.0,0,0.0,0,0.0,0,0.0,0,0.0
759,Texte,0,0.0,0,0.0,0,0.0,0,0.0,0,0.0,0,0.0,0,0.0,1,1.0,0,0.0
760,Texte,0,0.0,0,0.0,0,0.0,0,0.0,0,0.0,0,0.0,0,0.0,0,0.0,0,0.0
761,Texte,0,0.0,0,0.0,0,0.0,0,0.0,1,1.0,0,0.0,0,0.0,0,0.0,0,0.0
762,Texte,0,0.0,0,0.0,0,0.0,0,0.0,7,7.0,0,0.0,0,0.0,2,2.0,1,1.0
763,Texte,0,0.0,0,0.0,0,0.0,0,0.0,1,1.0,0,0.0,0,0.0,0,0.0,0,0.0
764,Texte,0,0.0,0,0.0,0,0.0,0,0.0,1,1.0,0,0.0,0,0.0,0,0.0,0,0.0
765,Texte,0,0.0,0,0.0,0,0.0,0,0.0,1,1.0,0,0.0,0,0.0,1,1.0,0,0.0
766,Texte,0,0.0,0,0.0,0,0.0,0,0.0,2,2.0,0,0.0,0,0.0,1,1.0,0,0.0
767,Texte,0,0.0,0,0.0,0,0.0,0,0.0,0,0.0,0,0.0,0,0.0,0,0.0,0,0.0
768,Texte,0,0.0,0,0.0,0,0.0,0,0.0,0,0.0,0,0.0,0,0.0,4,2.0,0,0.0
769,Texte,0,0.0,0,0.0,0,0.0,0,0.0,0,0.0,0,0.0,0,0.0,1,1.0,0,0.0
770,Texte,0,0.0,0,0.0,0,0.0,0,0.0,0,0.0,0,0.0,0,0.0,0,0.0,0,0.0
771,Texte,0,0.0,0,0.0,0,0.0,0,0.0,1,1.0,0,0.0,0,0.0,1,1.0,0,0.0
772,Texte,0,0.0,0,0.0,0,0.0,0,0.0,3,3.0,0,0.0,0,0.0,0,0.0,0,0.0
773,Texte,0,0.0,0,0.0,0,0.0,0,0.0,0,0.0,0,0.0,0,0.0,0,0.0,0,0.0
774,Texte,0,0.0,0,0.0,0,0.0,0,0.0,1,1.0,0,0.0,0,0.0,1,1.0,1,1.0
775,Texte,0,0.0,0,0.0,0,0.0,0,0.0,0,0.0,0,0.0,0,0.0,2,2.0,0,0.0
776,Texte,0,0.0,0,0.0,0,0.0,0,0.0,2,2.0,1,1.0,0,0.0,0,0.0,0,0.0
777,Texte,0,0.0,0,0.0,0,0.0,0,0.0,1,1.0,0,0.0,0,0.0,2,2.0,0,0.0
778,Texte,0,0.0,0,0.0,0,0.0,0,0.0,2,2.0,0,0.0,0,0.0,0,0.0,0,0.0
779,Texte,0,0.0,0,0.0,0,0.0,0,0.0,0,0.0,0,0.0,0,0.0,1,1.0,0,0.0
780,Texte,0,0.0,0,0.0,0,0.0,0,0.0,0,0.0,0,0.0,0,0.0,0,0.0,1,1.0
781,Texte,0,0.0,0,0.0,0,0.0,0,0.0,2,2.0,1,1.0,0,0.0,2,2.0,0,0.0
782,Texte,0,0.0,0,0.0,0,0.0,0,0.0,0,0.0,0,0.0,0,0.0,0,0.0,0,0.0
783,Texte,0,0.0,0,0.0,0,0.0,0,0.0,0,0.0,0,0.0,0,0.0,1,1.0,0,0.0
784,Texte,0,0.0,0,0.0,0,0.0,0,0.0,1,1.0,1,1.0,0,0.0,0,0.0,0,0.0
785,Texte,0,0.0,0,0.0,0,0.0,0,0.0,0,0.0,0,0.0,0,0.0,0,0.0,0,0.0
786,Texte,0,0.0,0,0.0,0,0.0,0,0.0,1,1.0,0,0.0,0,0.0,1,1.0,0,0.0
787,Texte,0,0.0,0,0.0,0,0.0,0,0.0,0,0.0,0,0.0,0,0.0,3,3.0,1,1.0
788,Texte,0,0.0,0,0.0,0,0.0,0,0.0,1,1.0,0,0.0,0,0.0,1,1.0,0,0.0
789,Texte,0,0.0,0,0.0,0,0.0,0,0.0,0,0.0,0,0.0,0,0.0,3,3.0,1,1.0
790,Texte,0,0.0,0,0.0,0,0.0,0,0.0,0,0.0,0,0.0,0,0.0,1,1.0,1,1.0
791,Texte,0,0.0,0,0.0,0,0.0,0,0.0,1,1.0,0,0.0,0,0.0,0,0.0,0,0.0
792,Texte,0,0.0,0,0.0,0,0.0,0,0.0,1,1.0,0,0.0,0,0.0,0,0.0,1,1.0
793,Texte,0,0.0,0,0.0,0,0.0,0,0.0,0,0.0,0,0.0,0,0.0,0,0.0,0,0.0
794,Texte,0,0.0,0,0.0,0,0.0,0,0.0,1,1.0,0,0.0,0,0.0,1,1.0,0,0.0
795,Texte,0,0.0,0,0.0,1,1.0,0,0.0,0,0.0,0,0.0,0,0.0,2,2.0,1,1.0
796,Texte,0,0.0,0,0.0,0,0.0,0,0.0,0,0.0,0,0.0,0,0.0,0,0.0,0,0.0
797,Texte,0,0.0,0,0.0,1,1.0,0,0.0,1,1.0,0,0.0,0,0.0,2,2.0,0,0.0
798,Texte,0,0.0,0,0.0,0,0.0,0,0.0,0,0.0,0,0.0,0,0.0,1,1.0,0,0.0
799,Texte,0,0.0,0,0.0,0,0.0,0,0.0,1,1.0,0,0.0,0,0.0,0,0.0,1,1.0
800,Texte,0,0.0,0,0.0,0,0.0,0,0.0,0,0.0,0,0.0,0,0.0,0,0.0,1,1.0
801,Texte,0,0.0,0,0.0,0,0.0,0,0.0,1,1.0,0,0.0,0,0.0,2,2.0,0,0.0
802,Texte,0,0.0,0,0.0,0,0.0,0,0.0,0,0.0,0,0.0,0,0.0,0,0.0,0,0.0
803,Texte,0,0.0,0,0.0,0,0.0,0,0.0,0,0.0,0,0.0,0,0.0,2,2.0,0,0.0
804,Texte,0,0.0,0,0.0,0,0.0,0,0.0,0,0.0,0,0.0,0,0.0,0,0.0,0,0.0
805,Texte,0,0.0,0,0.0,0,0.0,0,0.0,0,0.0,0,0.0,0,0.0,2,2.0,1,1.0
806,Texte,0,0.0,0,0.0,0,0.0,0,0.0,1,1.0,0,0.0,0,0.0,0,0.0,0,0.0
807,Texte,0,0.0,0,0.0,1,1.0,0,0.0,1,1.0,0,0.0,0,0.0,1,1.0,0,0.0
808,Texte,0,0.0,0,0.0,0,0.0,0,0.0,0,0.0,0,0.0,0,0.0,1,1.0,0,0.0
809,Texte,0,0.0,0,0.0,0,0.0,0,0.0,0,0.0,0,0.0,0,0.0,3,3.0,0,0.0
810,Texte,0,0.0,0,0.0,0,0.0,0,0.0,1,1.0,0,0.0,0,0.0,0,0.0,0,0.0
811,Texte,0,0.0,0,0.0,0,0.0,0,0.0,1,1.0,0,0.0,0,0.0,1,1.0,0,0.0
812,Texte,0,0.0,0,0.0,0,0.0,0,0.0,1,1.0,0,0.0,0,0.0,2,2.0,0,0.0
813,Texte,0,0.0,0,0.0,0,0.0,0,0.0,0,0.0,1,1.0,0,0.0,1,1.0,0,0.0
814,Texte,0,0.0,0,0.0,0,0.0,0,0.0,1,1.0,0,0.0,0,0.0,1,1.0,0,0.0
815,Texte,0,0.0,0,0.0,0,0.0,0,0.0,1,1.0,0,0.0,0,0.0,2,2.0,1,1.0
816,Texte,0,0.0,0,0.0,0,0.0,0,0.0,1,0.5,0,0.0,0,0.0,1,0.5,0,0.0
817,Texte,0,0.0,0,0.0,0,0.0,0,0.0,1,1.0,0,0.0,0,0.0,2,2.0,1,1.0
818,Texte,0,0.0,0,0.0,0,0.0,0,0.0,2,2.0,1,1.0,0,0.0,0,0.0,0,0.0
819,Texte,0,0.0,0,0.0,0,0.0,0,0.0,0,0.0,1,1.0,0,0.0,0,0.0,0,0.0
820,Texte,0,0.0,0,0.0,0,0.0,0,0.0,0,0.0,0,0.0,0,0.0,2,2.0,0,0.0
821,Texte,0,0.0,0,0.0,0,0.0,0,0.0,2,2.0,0,0.0,0,0.0,3,3.0,1,1.0
822,Texte,0,0.0,0,0.0,0,0.0,0,0.0,1,1.0,0,0.0,0,0.0,0,0.0,3,3.0
823,Texte,0,0.0,0,0.0,0,0.0,0,0.0,0,0.0,0,0.0,0,0.0,1,1.0,0,0.0
824,Texte,0,0.0,0,0.0,0,0.0,0,0.0,2,2.0,0,0.0,0,0.0,3,3.0,1,1.0
825,Texte,0,0.0,0,0.0,0,0.0,0,0.0,0,0.0,0,0.0,0,0.0,1,1.0,1,1.0
826,Texte,0,0.0,0,0.0,0,0.0,0,0.0,0,0.0,0,0.0,0,0.0,1,1.0,0,0.0
827,Texte,0,0.0,0,0.0,0,0.0,0,0.0,1,1.0,0,0.0,0,0.0,1,1.0,0,0.0
828,Texte,0,0.0,0,0.0,0,0.0,0,0.0,0,0.0,0,0.0,0,0.0,1,1.0,0,0.0
829,Texte,0,0.0,0,0.0,1,1.0,0,0.0,2,2.0,0,0.0,0,0.0,3,3.0,0,0.0
830,Texte,0,0.0,0,0.0,0,0.0,0,0.0,0,0.0,0,0.0,0,0.0,2,2.0,0,0.0
831,Texte,0,0.0,0,0.0,0,0.0,0,0.0,2,2.0,1,1.0,0,0.0,0,0.0,0,0.0
832,Texte,0,0.0,0,0.0,0,0.0,0,0.0,0,0.0,0,0.0,0,0.0,0,0.0,0,0.0
833,Texte,0,0.0,0,0.0,0,0.0,0,0.0,0,0.0,0,0.0,0,0.0,2,2.0,1,1.0
834,Texte,0,0.0,0,0.0,0,0.0,0,0.0,0,0.0,0,0.0,0,0.0,2,2.0,0,0.0
835,Texte,0,0.0,0,0.0,0,0.0,0,0.0,1,1.0,0,0.0,0,0.0,1,1.0,0,0.0
836,Texte,0,0.0,0,0.0,0,0.0,0,0.0,1,1.0,0,0.0,0,0.0,3,3.0,0,0.0
837,Texte,0,0.0,0,0.0,0,0.0,0,0.0,0,0.0,0,0.0,0,0.0,0,0.0,0,0.0
838,Texte,0,0.0,0,0.0,0,0.0,0,0.0,1,1.0,0,0.0,0,0.0,1,1.0,0,0.0
839,Texte,0,0.0,0,0.0,0,0.0,0,0.0,0,0.0,0,0.0,0,0.0,0,0.0,0,0.0
840,Texte,0,0.0,0,0.0,0,0.0,0,0.0,0,0.0,0,0.0,0,0.0,0,0.0,1,1.0
841,Texte,0,0.0,0,0.0,0,0.0,0,0.0,0,0.0,0,0.0,0,0.0,2,2.0,0,0.0
842,Texte,0,0.0,0,0.0,0,0.0,0,0.0,0,0.0,1,1.0,0,0.0,5,5.0,1,1.0
843,Texte,0,0.0,0,0.0,0,0.0,0,0.0,0,0.0,0,0.0,0,0.0,1,1.0,0,0.0
844,Texte,0,0.0,0,0.0,0,0.0,0,0.0,1,1.0,0,0.0,0,0.0,0,0.0,0,0.0
845,Texte,0,0.0,0,0.0,0,0.0,0,0.0,0,0.0,0,0.0,0,0.0,0,0.0,0,0.0
846,Texte,0,0.0,0,0.0,0,0.0,0,0.0,2,2.0,0,0.0,0,0.0,2,2.0,0,0.0
847,Texte,0,0.0,0,0.0,0,0.0,0,0.0,2,2.0,0,0.0,0,0.0,0,0.0,0,0.0
848,Texte,0,0.0,0,0.0,0,0.0,0,0.0,0,0.0,0,0.0,0,0.0,0,0.0,0,0.0
849,Texte,0,0.0,0,0.0,0,0.0,0,0.0,0,0.0,1,1.0,0,0.0,2,2.0,0,0.0
850,Texte,0,0.0,0,0.0,0,0.0,0,0.0,0,0.0,0,0.0,0,0.0,0,0.0,0,0.0
851,Texte,0,0.0,0,0.0,0,0.0,0,0.0,2,2.0,0,0.0,0,0.0,2,2.0,0,0.0
852,Texte,0,0.0,0,0.0,0,0.0,0,0.0,0,0.0,0,0.0,0,0.0,0,0.0,0,0.0
853,Texte,0,0.0,0,0.0,0,0.0,0,0.0,2,2.0,1,1.0,0,0.0,4,4.0,0,0.0
854,Texte,0,0.0,0,0.0,0,0.0,0,0.0,3,3.0,0,0.0,0,0.0,2,2.0,0,0.0
855,Texte,0,0.0,0,0.0,0,0.0,0,0.0,0,0.0,0,0.0,0,0.0,3,3.0,1,1.0
856,Texte,0,0.0,0,0.0,0,0.0,0,0.0,1,1.0,1,1.0,0,0.0,0,0.0,0,0.0
857,Texte,0,0.0,0,0.0,0,0.0,0,0.0,1,1.0,0,0.0,0,0.0,0,0.0,0,0.0
858,Texte,0,0.0,0,0.0,0,0.0,0,0.0,2,2.0,0,0.0,0,0.0,4,4.0,0,0.0
859,Texte,0,0.0,0,0.0,0,0.0,0,0.0,1,1.0,0,0.0,0,0.0,2,2.0,0,0.0
860,Texte,0,0.0,0,0.0,0,0.0,0,0.0,0,0.0,0,0.0,0,0.0,1,1.0,0,0.0
861,Texte,0,0.0,0,0.0,0,0.0,0,0.0,0,0.0,0,0.0,0,0.0,4,4.0,0,0.0
862,Texte,0,0.0,0,0.0,0,0.0,0,0.0,3,3.0,0,0.0,0,0.0,0,0.0,1,1.0
863,Texte,0,0.0,0,0.0,0,0.0,0,0.0,0,0.0,0,0.0,0,0.0,0,0.0,0,0.0
864,Texte,0,0.0,0,0.0,0,0.0,0,0.0,0,0.0,0,0.0,0,0.0,2,2.0,0,0.0
865,Texte,0,0.0,0,0.0,0,0.0,0,0.0,0,0.0,0,0.0,0,0.0,1,1.0,1,1.0
866,Texte,0,0.0,0,0.0,0,0.0,0,0.0,0,0.0,0,0.0,0,0.0,0,0.0,0,0.0
867,Texte,0,0.0,0,0.0,0,0.0,0,0.0,3,3.0,0,0.0,0,0.0,1,1.0,0,0.0
868,Texte,0,0.0,0,0.0,0,0.0,0,0.0,2,2.0,0,0.0,0,0.0,2,2.0,0,0.0
869,Texte,0,0.0,0,0.0,0,0.0,0,0.0,0,0.0,0,0.0,0,0.0,0,0.0,0,0.0
870,Texte,0,0.0,0,0.0,0,0.0,0,0.0,0,0.0,0,0.0,0,0.0,0,0.0,0,0.0
871,Texte,0,0.0,0,0.0,1,1.0,0,0.0,2,2.0,0,0.0,0,0.0,0,0.0,0,0.0
872,Texte,0,0.0,0,0.0,0,0.0,0,0.0,1,1.0,0,0.0,0,0.0,0,0.0,0,0.0
873,Texte,0,0.0,0,0.0,0,0.0,0,0.0,1,1.0,0,0.0,0,0.0,1,1.0,0,0.0
874,Texte,0,0.0,0,0.0,0,0.0,0,0.0,0,0.0,0,0.0,0,0.0,2,2.0,2,2.0
875,Texte,0,0.0,0,0.0,0,0.0,0,0.0,1,1.0,0,0.0,0,0.0,0,0.0,0,0.0
876,Texte,0,0.0,0,0.0,0,0.0,0,0.0,0,0.0,0,0.0,0,0.0,0,0.0,0,0.0
877,Texte,0,0.0,0,0.0,0,0.0,0,0.0,3,3.0,0,0.0,0,0.0,2,2.0,1,1.0
878,Texte,0,0.0,0,0.0,0,0.0,0,0.0,2,2.0,0,0.0,0,0.0,1,1.0,0,0.0
879,Texte,0,0.0,0,0.0,0,0.0,0,0.0,2,2.0,0,0.0,0,0.0,0,0.0,1,1.0
880,Texte,0,0.0,0,0.0,0,0.0,0,0.0,1,1.0,0,0.0,0,0.0,1,1.0,0,0.0
881,Texte,0,0.0,0,0.0,0,0.0,0,0.0,1,1.0,0,0.0,0,0.0,3,3.0,1,1.0
882,Texte,0,0.0,0,0.0,0,0.0,0,0.0,1,1.0,0,0.0,0,0.0,0,0.0,0,0.0
883,Texte,0,0.0,0,0.0,0,0.0,0,0.0,3,3.0,0,0.0,0,0.0,3,3.0,0,0.0
884,Texte,0,0.0,0,0.0,1,1.0,0,0.0,1,1.0,0,0.0,0,0.0,3,3.0,2,2.0
885,Texte,0,0.0,0,0.0,0,0.0,0,0.0,0,0.0,0,0.0,0,0.0,2,2.0,0,0.0
886,Texte,0,0.0,0,0.0,0,0.0,0,0.0,0,0.0,0,0.0,0,0.0,0,0.0,2,2.0
887,Texte,0,0.0,0,0.0,0,0.0,0,0.0,0,0.0,0,0.0,0,0.0,1,1.0,0,0.0
888,Texte,0,0.0,0,0.0,0,0.0,0,0.0,1,1.0,0,0.0,0,0.0,0,0.0,0,0.0
889,Texte,0,0.0,0,0.0,0,0.0,0,0.0,0,0.0,0,0.0,0,0.0,3,3.0,1,1.0
890,Texte,0,0.0,0,0.0,1,1.0,0,0.0,2,2.0,0,0.0,0,0.0,1,1.0,1,1.0
891,Texte,0,0.0,0,0.0,0,0.0,0,0.0,0,0.0,0,0.0,0,0.0,0,0.0,0,0.0
892,Texte,0,0.0,0,0.0,0,0.0,0,0.0,0,0.0,0,0.0,0,0.0,1,1.0,0,0.0
893,Texte,0,0.0,0,0.0,0,0.0,0,0.0,1,1.0,0,0.0,0,0.0,1,1.0,0,0.0
894,Texte,0,0.0,0,0.0,1,1.0,0,0.0,3,3.0,0,0.0,0,0.0,3,3.0,1,1.0
895,Texte,0,0.0,0,0.0,0,0.0,0,0.0,0,0.0,0,0.0,0,0.0,3,3.0,0,0.0
896,Texte,0,0.0,0,0.0,0,0.0,0,0.0,0,0.0,0,0.0,0,0.0,2,2.0,0,0.0
897,Texte,0,0.0,0,0.0,0,0.0,0,0.0,0,0.0,0,0.0,0,0.0,2,2.0,1,1.0
898,Texte,0,0.0,0,0.0,0,0.0,0,0.0,0,0.0,0,0.0,0,0.0,0,0.0,0,0.0
899,Texte,0,0.0,0,0.0,0,0.0,0,0.0,2,2.0,0,0.0,0,0.0,7,7.0,1,1.0
900,Texte,0,0.0,0,0.0,0,0.0,0,0.0,1,1.0,0,0.0,0,0.0,1,1.0,1,1.0
901,Texte,0,0.0,0,0.0,0,0.0,0,0.0,0,0.0,0,0.0,0,0.0,0,0.0,1,1.0
902,Texte,0,0.0,0,0.0,0,0.0,0,0.0,2,2.0,0,0.0,0,0.0,0,0.0,1,1.0
903,Texte,0,0.0,0,0.0,0,0.0,0,0.0,2,2.0,0,0.0,0,0.0,1,1.0,0,0.0
904,Texte,0,0.0,0,0.0,0,0.0,0,0.0,0,0.0,0,0.0,0,0.0,0,0.0,0,0.0
905,Texte,0,0.0,0,0.0,0,0.0,0,0.0,0,0.0,0,0.0,0,0.0,0,0.0,0,0.0
906,Texte,0,0.0,0,0.0,0,0.0,0,0.0,0,0.0,0,0.0,0,0.0,0,0.0,0,0.0
907,Texte,0,0.0,0,0.0,0,0.0,0,0.0,3,3.0,0,0.0,0,0.0,0,0.0,0,0.0
908,Texte,0,0.0,0,0.0,0,0.0,0,0.0,0,0.0,0,0.0,0,0.0,0,0.0,2,2.0
909,Texte,0,0.0,0,0.0,0,0.0,0,0.0,2,2.0,0,0.0,0,0.0,0,0.0,0,0.0
910,Texte,0,0.0,0,0.0,0,0.0,0,0.0,1,1.0,0,0.0,0,0.0,0,0.0,1,1.0
911,Texte,0,0.0,0,0.0,0,0.0,0,0.0,2,2.0,0,0.0,0,0.0,1,1.0,0,0.0
912,Texte,0,0.0,0,0.0,0,0.0,0,0.0,0,0.0,0,0.0,0,0.0,0,0.0,0,0.0
913,Texte,0,0.0,0,0.0,0,0.0,0,0.0,1,1.0,0,0.0,0,0.0,1,1.0,0,0.0
914,Texte,0,0.0,0,0.0,0,0.0,0,0.0,0,0.0,0,0.0,0,0.0,3,3.0,0,0.0
915,Texte,0,0.0,0,0.0,0,0.0,0,0.0,1,1.0,0,0.0,0,0.0,4,4.0,0,0.0
916,Texte,0,0.0,0,0.0,0,0.0,0,0.0,1,1.0,2,2.0,0,0.0,2,2.0,2,2.0
917,Texte,0,0.0,0,0.0,0,0.0,0,0.0,0,0.0,0,0.0,0,0.0,4,2.0,0,0.0
918,Texte,0,0.0,0,0.0,0,0.0,0,0.0,0,0.0,0,0.0,0,0.0,3,3.0,1,1.0
919,Texte,0,0.0,0,0.0,0,0.0,0,0.0,1,1.0,0,0.0,0,0.0,2,2.0,1,1.0
920,Texte,0,0.0,0,0.0,0,0.0,0,0.0,2,2.0,0,0.0,0,0.0,1,1.0,0,0.0
921,Texte,0,0.0,0,0.0,0,0.0,0,0.0,0,0.0,0,0.0,0,0.0,0,0.0,2,2.0
922,Texte,0,0.0,0,0.0,0,0.0,0,0.0,1,1.0,0,0.0,0,0.0,1,1.0,1,1.0
923,Texte,0,0.0,0,0.0,0,0.0,0,0.0,0,0.0,0,0.0,0,0.0,0,0.0,0,0.0
924,Texte,0,0.0,0,0.0,0,0.0,0,0.0,0,0.0,1,1.0,0,0.0,4,4.0,1,1.0
925,Texte,0,0.0,0,0.0,0,0.0,0,0.0,0,0.0,0,0.0,0,0.0,1,1.0,1,1.0
926,Texte,0,0.0,0,0.0,0,0.0,0,0.0,2,2.0,0,0.0,0,0.0,2,2.0,0,0.0
927,Texte,0,0.0,0,0.0,0,0.0,0,0.0,0,0.0,0,0.0,0,0.0,1,1.0,0,0.0
928,Texte,0,0.0,0,0.0,0,0.0,0,0.0,0,0.0,0,0.0,0,0.0,5,5.0,1,1.0
929,Texte,0,0.0,0,0.0,0,0.0,0,0.0,3,3.0,0,0.0,0,0.0,0,0.0,1,1.0
930,Texte,0,0.0,0,0.0,0,0.0,0,0.0,1,1.0,0,0.0,0,0.0,1,1.0,0,0.0
931,Texte,0,0.0,0,0.0,1,1.0,0,0.0,1,1.0,0,0.0,0,0.0,2,2.0,1,1.0
932,Texte,0,0.0,0,0.0,0,0.0,0,0.0,1,1.0,0,0.0,0,0.0,1,1.0,0,0.0
933,Texte,0,0.0,0,0.0,0,0.0,0,0.0,2,2.0,0,0.0,0,0.0,1,1.0,1,1.0
934,Texte,0,0.0,0,0.0,0,0.0,0,0.0,0,0.0,0,0.0,0,0.0,2,2.0,1,1.0
935,Texte,0,0.0,0,0.0,0,0.0,0,0.0,2,2.0,0,0.0,0,0.0,0,0.0,0,0.0
936,Texte,0,0.0,0,0.0,0,0.0,0,0.0,2,2.0,0,0.0,0,0.0,3,3.0,0,0.0
937,Texte,0,0.0,0,0.0,0,0.0,0,0.0,0,0.0,0,0.0,0,0.0,0,0.0,0,0.0
938,Texte,0,0.0,0,0.0,0,0.0,0,0.0,2,2.0,2,2.0,0,0.0,1,1.0,1,1.0
939,Texte,0,0.0,0,0.0,0,0.0,0,0.0,1,1.0,0,0.0,0,0.0,2,2.0,1,1.0
940,Texte,0,0.0,0,0.0,0,0.0,0,0.0,3,3.0,0,0.0,0,0.0,1,1.0,1,1.0
941,Texte,0,0.0,0,0.0,0,0.0,0,0.0,1,1.0,0,0.0,0,0.0,1,1.0,0,0.0
942,Texte,0,0.0,0,0.0,0,0.0,0,0.0,3,3.0,0,0.0,0,0.0,2,2.0,1,1.0
943,Texte,0,0.0,0,0.0,0,0.0,0,0.0,0,0.0,0,0.0,0,0.0,0,0.0,0,0.0
944,Texte,0,0.0,0,0.0,0,0.0,0,0.0,0,0.0,1,1.0,0,0.0,0,0.0,0,0.0
945,Texte,0,0.0,0,0.0,0,0.0,0,0.0,1,1.0,0,0.0,0,0.0,1,1.0,0,0.0
946,Texte,0,0.0,0,0.0,0,0.0,0,0.0,3,3.0,0,0.0,0,0.0,1,1.0,0,0.0
947,Texte,0,0.0,0,0.0,0,0.0,0,0.0,0,0.0,0,0.0,0,0.0,0,0.0,0,0.0
948,Texte,0,0.0,0,0.0,0,0.0,0,0.0,1,1.0,1,1.0,0,0.0,1,1.0,0,0.0
949,Texte,0,0.0,0,0.0,0,0.0,0,0.0,1,1.0,0,0.0,0,0.0,1,1.0,0,0.0
950,Texte,0,0.0,0,0.0,0,0.0,0,0.0,2,2.0,1,1.0,0,0.0,2,2.0,2,2.0
951,Texte,0,0.0,0,0.0,1,1.0,0,0.0,2,2.0,0,0.0,0,0.0,2,2.0,0,0.0
952,Texte,0,0.0,0,0.0,0,0.0,0,0.0,0,0.0,0,0.0,0,0.0,1,1.0,0,0.0
953,Texte,0,0.0,0,0.0,0,0.0,0,0.0,0,0.0,1,1.0,0,0.0,0,0.0,1,1.0
954,Texte,0,0.0,0,0.0,0,0.0,0,0.0,1,1.0,0,0.0,0,0.0,2,2.0,0,0.0
955,Texte,0,0.0,0,0.0,2,2.0,0,0.0,2,2.0,0,0.0,0,0.0,3,3.0,1,1.0
956,Texte,0,0.0,0,0.0,1,1.0,0,0.0,2,2.0,0,0.0,0,0.0,2,2.0,2,2.0
957,Texte,0,0.0,0,0.0,0,0.0,0,0.0,0,0.0,0,0.0,0,0.0,1,1.0,0,0.0
958,Texte,0,0.0,0,0.0,0,0.0,0,0.0,1,1.0,0,0.0,0,0.0,1,1.0,0,0.0
959,Texte,0,0.0,0,0.0,0,0.0,0,0.0,0,0.0,0,0.0,0,0.0,0,0.0,0,0.0
960,Texte,0,0.0,0,0.0,0,0.0,0,0.0,0,0.0,0,0.0,0,0.0,0,0.0,0,0.0
961,Texte,0,0.0,0,0.0,0,0.0,0,0.0,1,1.0,0,0.0,0,0.0,0,0.0,2,2.0
962,Texte,0,0.0,0,0.0,0,0.0,0,0.0,0,0.0,0,0.0,0,0.0,1,1.0,1,1.0
963,Texte,0,0.0,0,0.0,0,0.0,0,0.0,0,0.0,0,0.0,0,0.0,0,0.0,0,0.0
964,Texte,0,0.0,0,0.0,0,0.0,0,0.0,1,1.0,0,0.0,0,0.0,0,0.0,1,1.0
965,Texte,0,0.0,0,0.0,0,0.0,0,0.0,0,0.0,0,0.0,0,0.0,1,1.0,0,0.0
966,Texte,0,0.0,0,0.0,0,0.0,0,0.0,0,0.0,0,0.0,0,0.0,5,5.0,1,1.0
967,Texte,0,0.0,0,0.0,0,0.0,0,0.0,1,1.0,0,0.0,0,0.0,0,0.0,0,0.0
968,Texte,0,0.0,0,0.0,0,0.0,0,0.0,1,1.0,0,0.0,0,0.0,0,0.0,2,2.0
969,Texte,0,0.0,0,0.0,0,0.0,0,0.0,2,2.0,1,1.0,0,0.0,0,0.0,0,0.0
970,Texte,0,0.0,0,0.0,0,0.0,0,0.0,3,3.0,0,0.0,0,0.0,0,0.0,2,2.0
971,Texte,0,0.0,0,0.0,0,0.0,0,0.0,0,0.0,0,0.0,0,0.0,0,0.0,0,0.0
972,Texte,0,0.0,0,0.0,0,0.0,0,0.0,1,1.0,0,0.0,0,0.0,5,5.0,0,0.0
973,Texte,0,0.0,0,0.0,0,0.0,0,0.0,0,0.0,0,0.0,0,0.0,1,1.0,0,0.0
974,Texte,0,0.0,0,0.0,0,0.0,0,0.0,0,0.0,0,0.0,0,0.0,4,4.0,0,0.0
975,Texte,0,0.0,0,0.0,0,0.0,0,0.0,0,0.0,0,0.0,0,0.0,1,1.0,0,0.0
976,Texte,0,0.0,0,0.0,0,0.0,0,0.0,4,4.0,2,2.0,0,0.0,4,4.0,3,3.0
977,Texte,0,0.0,0,0.0,0,0.0,0,0.0,3,3.0,0,0.0,0,0.0,3,3.0,1,1.0
978,Texte,0,0.0,0,0.0,0,0.0,0,0.0,0,0.0,0,0.0,0,0.0,0,0.0,0,0.0
979,Texte,0,0.0,0,0.0,0,0.0,0,0.0,0,0.0,0,0.0,0,0.0,0,0.0,0,0.0
980,Texte,0,0.0,0,0.0,0,0.0,0,0.0,0,0.0,0,0.0,0,0.0,1,1.0,1,1.0
981,Texte,0,0.0,0,0.0,0,0.0,0,0.0,0,0.0,0,0.0,0,0.0,0,0.0,0,0.0
982,Texte,0,0.0,0,0.0,0,0.0,0,0.0,1,1.0,0,0.0,0,0.0,1,1.0,0,0.0
983,Texte,0,0.0,0,0.0,0,0.0,0,0.0,2,2.0,0,0.0,0,0.0,3,3.0,1,1.0
984,Texte,0,0.0,0,0.0,0,0.0,0,0.0,1,1.0,0,0.0,0,0.0,1,1.0,0,0.0
985,Texte,0,0.0,0,0.0,0,0.0,0,0.0,0,0.0,0,0.0,0,0.0,0,0.0,0,0.0
986,Texte,0,0.0,0,0.0,0,0.0,0,0.0,0,0.0,0,0.0,0,0.0,2,2.0,0,0.0
987,Texte,0,0.0,0,0.0,0,0.0,0,0.0,3,3.0,0,0.0,0,0.0,3,3.0,0,0.0
988,Texte,0,0.0,0,0.0,0,0.0,0,0.0,2,2.0,2,2.0,0,0.0,5,5.0,0,0.0
989,Texte,0,0.0,0,0.0,0,0.0,0,0.0,0,0.0,0,0.0,0,0.0,2,2.0,0,0.0
990,Texte,0,0.0,0,0.0,0,0.0,0,0.0,1,1.0,1,1.0,0,0.0,1,1.0,0,0.0
991,Texte,0,0.0,0,0.0,0,0.0,0,0.0,0,0.0,0,0.0,0,0.0,2,2.0,0,0.0
992,Texte,0,0.0,0,0.0,0,0.0,0,0.0,0,0.0,1,1.0,0,0.0,2,2.0,0,0.0
993,Texte,0,0.0,0,0.0,0,0.0,0,0.0,0,0.0,1,1.0,0,0.0,0,0.0,0,0.0
994,Texte,0,0.0,0,0.0,0,0.0,0,0.0,2,2.0,0,0.0,0,0.0,0,0.0,1,1.0
995,Texte,0,0.0,0,0.0,0,0.0,0,0.0,2,2.0,0,0.0,0,0.0,3,3.0,0,0.0
996,Texte,0,0.0,0,0.0,0,0.0,0,0.0,0,0.0,0,0.0,0,0.0,0,0.0,0,0.0
997,Texte,0,0.0,0,0.0,0,0.0,0,0.0,0,0.0,0,0.0,0,0.0,0,0.0,0,0.0
998,Texte,0,0.0,0,0.0,0,0.0,0,0.0,5,5.0,0,0.0,0,0.0,1,1.0,1,1.0
999,Texte,0,0.0,0,0.0,0,0.0,0,0.0,0,0.0,0,0.0,0,0.0,0,0.0,0,0.0
1000,Texte,0,0.0,0,0.0,0,0.0,0,0.0,1,1.0,0,0.0,0,0.0,2,2.0,0,0.0
1001,Texte,0,0.0,0,0.0,0,0.0,0,0.0,1,1.0,1,1.0,0,0.0,1,1.0,0,0.0
1002,Texte,0,0.0,0,0.0,0,0.0,0,0.0,3,3.0,0,0.0,0,0.0,2,2.0,0,0.0
1003,Texte,0,0.0,0,0.0,0,0.0,0,0.0,1,1.0,0,0.0,0,0.0,0,0.0,1,1.0
1004,Texte,0,0.0,0,0.0,0,0.0,0,0.0,2,2.0,0,0.0,0,0.0,3,3.0,0,0.0
1005,Texte,0,0.0,0,0.0,0,0.0,0,0.0,1,1.0,0,0.0,0,0.0,0,0.0,0,0.0
1006,Texte,0,0.0,0,0.0,0,0.0,0,0.0,0,0.0,0,0.0,0,0.0,2,2.0,0,0.0
1007,Texte,0,0.0,0,0.0,0,0.0,0,0.0,1,0.5,0,0.0,0,0.0,1,0.5,0,0.0
1008,Texte,0,0.0,0,0.0,0,0.0,0,0.0,1,1.0,0,0.0,0,0.0,0,0.0,0,0.0
1009,Texte,0,0.0,0,0.0,0,0.0,0,0.0,1,1.0,0,0.0,0,0.0,1,1.0,1,1.0
1010,Texte,0,0.0,0,0.0,0,0.0,0,0.0,1,1.0,0,0.0,0,0.0,2,2.0,1,1.0
1011,Texte,0,0.0,0,0.0,0,0.0,0,0.0,0,0.0,0,0.0,0,0.0,1,1.0,1,1.0
1012,Texte,0,0.0,0,0.0,1,1.0,0,0.0,1,1.0,0,0.0,0,0.0,1,1.0,0,0.0
1013,Texte,0,0.0,0,0.0,0,0.0,0,0.0,2,2.0,1,1.0,0,0.0,0,0.0,0,0.0
1014,Texte,0,0.0,0,0.0,0,0.0,0,0.0,1,1.0,0,0.0,0,0.0,1,1.0,0,0.0
1015,Texte,0,0.0,0,0.0,0,0.0,0,0.0,2,2.0,0,0.0,0,0.0,5,5.0,0,0.0
1016,Texte,0,0.0,0,0.0,0,0.0,0,0.0,0,0.0,0,0.0,0,0.0,0,0.0,0,0.0
1017,Texte,0,0.0,0,0.0,0,0.0,0,0.0,1,1.0,0,0.0,0,0.0,0,0.0,0,0.0
1018,Texte,0,0.0,0,0.0,2,2.0,0,0.0,1,1.0,0,0.0,0,0.0,3,3.0,3,3.0
1019,Texte,0,0.0,0,0.0,1,1.0,0,0.0,0,0.0,0,0.0,0,0.0,1,1.0,1,1.0
1020,Texte,0,0.0,0,0.0,0,0.0,0,0.0,1,1.0,1,1.0,0,0.0,0,0.0,0,0.0
1021,Texte,0,0.0,0,0.0,0,0.0,0,0.0,1,1.0,0,0.0,0,0.0,0,0.0,0,0.0
1022,Texte,0,0.0,0,0.0,0,0.0,0,0.0,1,1.0,0,0.0,0,0.0,1,1.0,0,0.0
1023,Texte,0,0.0,0,0.0,0,0.0,0,0.0,0,0.0,0,0.0,0,0.0,1,1.0,1,1.0
1024,Texte,0,0.0,0,0.0,0,0.0,0,0.0,1,1.0,0,0.0,0,0.0,2,2.0,0,0.0
1025,Texte,0,0.0,0,0.0,0,0.0,0,0.0,0,0.0,0,0.0,0,0.0,0,0.0,0,0.0
1026,Texte,0,0.0,0,0.0,0,0.0,0,0.0,1,1.0,0,0.0,0,0.0,3,3.0,0,0.0
1027,Texte,0,0.0,0,0.0,0,0.0,0,0.0,2,2.0,0,0.0,0,0.0,1,1.0,0,0.0
1028,Texte,0,0.0,0,0.0,0,0.0,0,0.0,1,1.0,0,0.0,0,0.0,1,1.0,0,0.0
1029,Texte,0,0.0,0,0.0,0,0.0,0,0.0,1,1.0,1,1.0,0,0.0,2,2.0,2,2.0
1030,Texte,0,0.0,0,0.0,0,0.0,0,0.0,0,0.0,0,0.0,0,0.0,0,0.0,0,0.0
1031,Texte,0,0.0,0,0.0,0,0.0,0,0.0,1,1.0,0,0.0,0,0.0,1,1.0,0,0.0
1032,Texte,0,0.0,0,0.0,0,0.0,0,0.0,1,1.0,0,0.0,0,0.0,1,1.0,0,0.0
1033,Texte,0,0.0,0,0.0,0,0.0,0,0.0,0,0.0,0,0.0,0,0.0,1,1.0,0,0.0
1034,Texte,0,0.0,0,0.0,0,0.0,0,0.0,1,1.0,0,0.0,0,0.0,0,0.0,0,0.0
1035,Texte,0,0.0,0,0.0,0,0.0,0,0.0,2,2.0,1,1.0,0,0.0,0,0.0,0,0.0
1036,Texte,0,0.0,0,0.0,0,0.0,0,0.0,1,1.0,0,0.0,0,0.0,0,0.0,0,0.0
1037,Texte,0,0.0,0,0.0,1,1.0,0,0.0,2,2.0,0,0.0,0,0.0,2,2.0,0,0.0
1038,Texte,0,0.0,0,0.0,0,0.0,0,0.0,1,1.0,0,0.0,0,0.0,2,2.0,1,1.0
1039,Texte,0,0.0,0,0.0,0,0.0,0,0.0,1,1.0,0,0.0,0,0.0,6,6.0,1,1.0
1040,Texte,0,0.0,0,0.0,0,0.0,0,0.0,0,0.0,0,0.0,0,0.0,0,0.0,0,0.0
1041,Texte,0,0.0,0,0.0,0,0.0,0,0.0,0,0.0,0,0.0,0,0.0,0,0.0,0,0.0
1042,Texte,0,0.0,0,0.0,0,0.0,0,0.0,2,2.0,1,1.0,0,0.0,1,1.0,0,0.0
1043,Texte,0,0.0,0,0.0,0,0.0,0,0.0,0,0.0,0,0.0,0,0.0,0,0.0,1,1.0
1044,Texte,0,0.0,0,0.0,0,0.0,0,0.0,1,1.0,0,0.0,0,0.0,0,0.0,0,0.0
1045,Texte,0,0.0,0,0.0,0,0.0,0,0.0,0,0.0,0,0.0,0,0.0,0,0.0,0,0.0
1046,Texte,0,0.0,0,0.0,0,0.0,0,0.0,2,2.0,0,0.0,0,0.0,0,0.0,0,0.0
1047,Texte,0,0.0,0,0.0,0,0.0,0,0.0,1,1.0,1,1.0,0,0.0,0,0.0,0,0.0
1048,Texte,0,0.0,0,0.0,0,0.0,0,0.0,0,0.0,1,1.0,0,0.0,0,0.0,0,0.0
1049,Texte,0,0.0,0,0.0,0,0.0,0,0.0,1,1.0,0,0.0,0,0.0,2,2.0,1,1.0
1050,Texte,0,0.0,0,0.0,0,0.0,0,0.0,1,1.0,0,0.0,0,0.0,0,0.0,3,3.0
1051,Texte,0,0.0,0,0.0,0,0.0,0,0.0,0,0.0,0,0.0,0,0.0,1,1.0,0,0.0
1052,Texte,0,0.0,0,0.0,0,0.0,0,0.0,1,1.0,0,0.0,0,0.0,1,1.0,0,0.0
1053,Texte,0,0.0,0,0.0,0,0.0,0,0.0,1,1.0,0,0.0,0,0.0,1,1.0,0,0.0
1054,Texte,0,0.0,0,0.0,0,0.0,0,0.0,0,0.0,0,0.0,0,0.0,0,0.0,0,0.0
1055,Texte,0,0.0,0,0.0,0,0.0,0,0.0,2,2.0,0,0.0,0,0.0,3,3.0,1,1.0
1056,Texte,0,0.0,0,0.0,0,0.0,0,0.0,0,0.0,0,0.0,0,0.0,2,2.0,1,1.0
1057,Texte,0,0.0,0,0.0,0,0.0,0,0.0,2,2.0,0,0.0,0,0.0,6,6.0,0,0.0
1058,Texte,0,0.0,0,0.0,0,0.0,0,0.0,5,5.0,0,0.0,0,0.0,2,2.0,1,1.0
1059,Texte,0,0.0,0,0.0,0,0.0,0,0.0,1,1.0,0,0.0,0,0.0,0,0.0,1,1.0
1060,Texte,0,0.0,0,0.0,1,1.0,0,0.0,2,2.0,0,0.0,0,0.0,2,2.0,0,0.0
1061,Texte,0,0.0,0,0.0,0,0.0,0,0.0,1,1.0,0,0.0,0,0.0,1,1.0,0,0.0
1062,Texte,0,0.0,0,0.0,0,0.0,0,0.0,0,0.0,0,0.0,0,0.0,0,0.0,0,0.0
1063,Texte,0,0.0,0,0.0,0,0.0,0,0.0,2,2.0,0,0.0,0,0.0,0,0.0,0,0.0
1064,Texte,0,0.0,0,0.0,0,0.0,0,0.0,2,2.0,0,0.0,0,0.0,0,0.0,1,1.0
1065,Texte,0,0.0,0,0.0,0,0.0,0,0.0,1,1.0,0,0.0,0,0.0,0,0.0,0,0.0
1066,Texte,0,0.0,0,0.0,0,0.0,0,0.0,3,3.0,0,0.0,0,0.0,2,2.0,0,0.0
1067,Texte,0,0.0,0,0.0,1,1.0,0,0.0,4,4.0,1,1.0,0,0.0,5,5.0,2,2.0
1068,Texte,0,0.0,0,0.0,1,1.0,0,0.0,3,3.0,0,0.0,0,0.0,4,4.0,2,2.0
1069,Texte,0,0.0,0,0.0,0,0.0,0,0.0,1,1.0,0,0.0,0,0.0,1,1.0,1,1.0
1070,Texte,0,0.0,0,0.0,0,0.0,0,0.0,1,1.0,0,0.0,0,0.0,1,1.0,0,0.0
1071,Texte,0,0.0,0,0.0,0,0.0,0,0.0,0,0.0,0,0.0,0,0.0,0,0.0,0,0.0
1072,Texte,0,0.0,0,0.0,0,0.0,0,0.0,0,0.0,0,0.0,0,0.0,0,0.0,0,0.0
1073,Texte,0,0.0,0,0.0,0,0.0,0,0.0,2,2.0,0,0.0,0,0.0,1,1.0,0,0.0
1074,Texte,0,0.0,0,0.0,0,0.0,0,0.0,2,2.0,1,1.0,0,0.0,1,1.0,0,0.0
1075,Texte,0,0.0,0,0.0,0,0.0,0,0.0,3,3.0,0,0.0,0,0.0,1,1.0,0,0.0
1076,Texte,0,0.0,0,0.0,0,0.0,0,0.0,2,2.0,0,0.0,0,0.0,3,3.0,1,1.0
1077,Texte,0,0.0,0,0.0,0,0.0,0,0.0,0,0.0,0,0.0,0,0.0,2,2.0,0,0.0
1078,Texte,0,0.0,0,0.0,0,0.0,0,0.0,0,0.0,0,0.0,0,0.0,2,2.0,0,0.0
1079,Texte,0,0.0,0,0.0,0,0.0,0,0.0,0,0.0,0,0.0,0,0.0,0,0.0,0,0.0
1080,Texte,0,0.0,0,0.0,0,0.0,0,0.0,4,4.0,1,1.0,0,0.0,1,1.0,0,0.0
1081,Texte,0,0.0,0,0.0,0,0.0,0,0.0,0,0.0,0,0.0,0,0.0,2,2.0,0,0.0
1082,Texte,0,0.0,0,0.0,0,0.0,0,0.0,0,0.0,0,0.0,0,0.0,0,0.0,0,0.0
1083,Texte,0,0.0,0,0.0,0,0.0,0,0.0,1,1.0,0,0.0,0,0.0,2,2.0,0,0.0
1084,Texte,0,0.0,0,0.0,0,0.0,0,0.0,1,1.0,0,0.0,0,0.0,2,2.0,0,0.0
1085,Texte,0,0.0,0,0.0,1,1.0,0,0.0,0,0.0,0,0.0,0,0.0,1,1.0,0,0.0
1086,Texte,0,0.0,0,0.0,0,0.0,0,0.0,1,1.0,1,1.0,0,0.0,3,3.0,0,0.0
1087,Texte,0,0.0,0,0.0,0,0.0,0,0.0,2,2.0,0,0.0,0,0.0,0,0.0,1,1.0
1088,Texte,0,0.0,0,0.0,1,1.0,0,0.0,0,0.0,0,0.0,0,0.0,2,2.0,0,0.0
1089,Texte,0,0.0,0,0.0,1,1.0,0,0.0,0,0.0,0,0.0,0,0.0,3,3.0,0,0.0
1090,Texte,0,0.0,0,0.0,0,0.0,0,0.0,0,0.0,0,0.0,0,0.0,1,1.0,0,0.0
1091,Texte,0,0.0,0,0.0,0,0.0,0,0.0,1,1.0,1,1.0,0,0.0,1,1.0,0,0.0
1092,Texte,0,0.0,0,0.0,0,0.0,0,0.0,3,3.0,0,0.0,0,0.0,2,2.0,0,0.0
1093,Texte,0,0.0,0,0.0,0,0.0,0,0.0,1,1.0,0,0.0,0,0.0,1,1.0,0,0.0
1094,Texte,0,0.0,0,0.0,0,0.0,0,0.0,0,0.0,0,0.0,0,0.0,0,0.0,0,0.0
1095,Texte,0,0.0,0,0.0,0,0.0,0,0.0,3,3.0,0,0.0,0,0.0,2,2.0,0,0.0
1096,Texte,0,0.0,0,0.0,0,0.0,0,0.0,0,0.0,0,0.0,0,0.0,0,0.0,0,0.0
1097,Texte,0,0.0,0,0.0,0,0.0,0,0.0,1,1.0,0,0.0,0,0.0,1,1.0,0,0.0
1098,Texte,0,0.0,0,0.0,0,0.0,0,0.0,1,1.0,0,0.0,0,0.0,2,2.0,1,1.0
1099,Texte,0,0.0,0,0.0,0,0.0,0,0.0,1,1.0,0,0.0,0,0.0,2,2.0,0,0.0
1100,Texte,0,0.0,0,0.0,0,0.0,0,0.0,0,0.0,0,0.0,0,0.0,2,2.0,0,0.0
1101,Texte,0,0.0,0,0.0,0,0.0,0,0.0,3,3.0,0,0.0,0,0.0,1,1.0,0,0.0
1102,Texte,0,0.0,0,0.0,0,0.0,0,0.0,3,3.0,0,0.0,0,0.0,1,1.0,0,0.0
1103,Texte,0,0.0,0,0.0,0,0.0,0,0.0,1,1.0,0,0.0,0,0.0,0,0.0,0,0.0
1104,Texte,0,0.0,0,0.0,0,0.0,0,0.0,1,1.0,0,0.0,0,0.0,1,1.0,0,0.0
1105,Texte,0,0.0,0,0.0,0,0.0,0,0.0,0,0.0,0,0.0,0,0.0,0,0.0,0,0.0
1106,Texte,0,0.0,0,0.0,0,0.0,0,0.0,1,1.0,0,0.0,0,0.0,2,2.0,0,0.0
1107,Texte,0,0.0,0,0.0,0,0.0,0,0.0,5,5.0,0,0.0,0,0.0,2,2.0,0,0.0
1108,Texte,0,0.0,0,0.0,0,0.0,0,0.0,1,1.0,0,0.0,0,0.0,2,2.0,0,0.0
1109,Texte,0,0.0,0,0.0,0,0.0,0,0.0,1,1.0,0,0.0,0,0.0,1,1.0,1,1.0
1110,Texte,0,0.0,0,0.0,0,0.0,0,0.0,2,2.0,0,0.0,0,0.0,2,2.0,0,0.0
1111,Texte,0,0.0,0,0.0,0,0.0,0,0.0,1,1.0,0,0.0,0,0.0,2,2.0,0,0.0
1112,Texte,0,0.0,0,0.0,0,0.0,0,0.0,0,0.0,0,0.0,0,0.0,0,0.0,0,0.0
1113,Texte,0,0.0,0,0.0,0,0.0,0,0.0,2,2.0,0,0.0,0,0.0,1,1.0,0,0.0
1114,Texte,0,0.0,0,0.0,0,0.0,0,0.0,2,2.0,0,0.0,0,0.0,1,1.0,0,0.0
1115,Texte,0,0.0,0,0.0,0,0.0,0,0.0,1,1.0,0,0.0,0,0.0,0,0.0,0,0.0
1116,Texte,0,0.0,0,0.0,0,0.0,0,0.0,3,3.0,0,0.0,0,0.0,1,1.0,0,0.0
1117,Texte,0,0.0,0,0.0,0,0.0,0,0.0,0,0.0,0,0.0,0,0.0,2,2.0,0,0.0
1118,Texte,0,0.0,0,0.0,0,0.0,0,0.0,1,1.0,1,1.0,0,0.0,2,2.0,0,0.0
1119,Texte,0,0.0,0,0.0,0,0.0,0,0.0,0,0.0,0,0.0,0,0.0,1,1.0,0,0.0
1120,Texte,0,0.0,0,0.0,0,0.0,0,0.0,1,1.0,0,0.0,0,0.0,3,3.0,1,1.0
1121,Texte,0,0.0,0,0.0,0,0.0,0,0.0,0,0.0,0,0.0,0,0.0,0,0.0,0,0.0
1122,Texte,0,0.0,0,0.0,0,0.0,0,0.0,1,1.0,0,0.0,0,0.0,0,0.0,0,0.0
1123,Texte,0,0.0,0,0.0,0,0.0,0,0.0,0,0.0,0,0.0,0,0.0,1,1.0,0,0.0
1124,Texte,0,0.0,0,0.0,0,0.0,0,0.0,2,2.0,1,1.0,0,0.0,0,0.0,0,0.0
1125,Texte,0,0.0,0,0.0,0,0.0,0,0.0,1,1.0,0,0.0,0,0.0,0,0.0,0,0.0
1126,Texte,0,0.0,0,0.0,0,0.0,0,0.0,1,1.0,0,0.0,0,0.0,0,0.0,0,0.0
1127,Texte,0,0.0,0,0.0,0,0.0,0,0.0,1,1.0,0,0.0,0,0.0,1,1.0,0,0.0
1128,Texte,0,0.0,0,0.0,0,0.0,0,0.0,1,1.0,0,0.0,0,0.0,1,1.0,1,1.0
1129,Texte,0,0.0,0,0.0,0,0.0,0,0.0,0,0.0,0,0.0,0,0.0,1,1.0,0,0.0
1130,Texte,0,0.0,0,0.0,0,0.0,0,0.0,0,0.0,0,0.0,0,0.0,3,3.0,1,1.0
1131,Texte,0,0.0,0,0.0,0,0.0,0,0.0,0,0.0,0,0.0,0,0.0,4,4.0,0,0.0
1132,Texte,0,0.0,0,0.0,0,0.0,0,0.0,1,1.0,0,0.0,0,0.0,1,1.0,0,0.0
1133,Texte,0,0.0,0,0.0,0,0.0,0,0.0,0,0.0,0,0.0,0,0.0,1,1.0,1,1.0
1134,Texte,0,0.0,0,0.0,0,0.0,0,0.0,3,3.0,0,0.0,0,0.0,0,0.0,0,0.0
1135,Texte,0,0.0,0,0.0,0,0.0,0,0.0,2,2.0,0,0.0,0,0.0,1,1.0,1,1.0
1136,Texte,0,0.0,0,0.0,0,0.0,0,0.0,0,0.0,0,0.0,0,0.0,1,1.0,0,0.0
1137,Texte,0,0.0,0,0.0,0,0.0,0,0.0,1,1.0,0,0.0,0,0.0,0,0.0,0,0.0
1138,Texte,0,0.0,0,0.0,0,0.0,0,0.0,3,3.0,0,0.0,0,0.0,3,3.0,0,0.0
1139,Texte,0,0.0,0,0.0,0,0.0,0,0.0,1,1.0,0,0.0,0,0.0,0,0.0,0,0.0
1140,Texte,0,0.0,0,0.0,0,0.0,0,0.0,1,1.0,0,0.0,0,0.0,1,1.0,0,0.0
1141,Texte,0,0.0,0,0.0,0,0.0,0,0.0,0,0.0,0,0.0,0,0.0,0,0.0,0,0.0
1142,Texte,0,0.0,0,0.0,0,0.0,0,0.0,0,0.0,0,0.0,0,0.0,0,0.0,0,0.0
1143,Texte,0,0.0,0,0.0,0,0.0,0,0.0,0,0.0,1,1.0,0,0.0,2,2.0,0,0.0
1144,Texte,0,0.0,0,0.0,0,0.0,0,0.0,1,1.0,0,0.0,0,0.0,1,1.0,1,1.0
1145,Texte,0,0.0,0,0.0,1,1.0,0,0.0,3,3.0,0,0.0,0,0.0,4,4.0,1,1.0
1146,Texte,0,0.0,0,0.0,0,0.0,0,0.0,1,1.0,0,0.0,0,0.0,0,0.0,0,0.0
1147,Texte,0,0.0,0,0.0,0,0.0,0,0.0,1,1.0,0,0.0,0,0.0,0,0.0,0,0.0
1148,Texte,0,0.0,0,0.0,0,0.0,0,0.0,1,1.0,0,0.0,0,0.0,0,0.0,2,2.0
1149,Texte,0,0.0,0,0.0,0,0.0,0,0.0,0,0.0,0,0.0,0,0.0,0,0.0,0,0.0
1150,Texte,0,0.0,0,0.0,1,1.0,0,0.0,1,1.0,0,0.0,0,0.0,0,0.0,0,0.0
1151,Texte,0,0.0,0,0.0,0,0.0,0,0.0,2,2.0,1,1.0,0,0.0,0,0.0,0,0.0
1152,Texte,0,0.0,0,0.0,0,0.0,0,0.0,2,2.0,0,0.0,0,0.0,0,0.0,0,0.0
1153,Texte,0,0.0,0,0.0,1,1.0,0,0.0,1,1.0,0,0.0,0,0.0,1,1.0,1,1.0
1154,Texte,0,0.0,0,0.0,0,0.0,0,0.0,0,0.0,0,0.0,0,0.0,0,0.0,0,0.0
1155,Texte,0,0.0,0,0.0,0,0.0,0,0.0,0,0.0,0,0.0,0,0.0,1,1.0,0,0.0
1156,Texte,0,0.0,0,0.0,0,0.0,0,0.0,1,1.0,0,0.0,0,0.0,1,1.0,0,0.0
1157,Texte,0,0.0,0,0.0,0,0.0,0,0.0,1,1.0,1,1.0,0,0.0,1,1.0,1,1.0
1158,Texte,0,0.0,0,0.0,0,0.0,0,0.0,2,2.0,0,0.0,0,0.0,1,1.0,0,0.0
1159,Texte,0,0.0,0,0.0,0,0.0,0,0.0,1,1.0,1,1.0,0,0.0,0,0.0,1,1.0
1160,Texte,0,0.0,0,0.0,0,0.0,0,0.0,1,1.0,0,0.0,0,0.0,5,5.0,1,1.0
1161,Texte,0,0.0,0,0.0,0,0.0,0,0.0,1,1.0,1,1.0,0,0.0,0,0.0,1,1.0
1162,Texte,0,0.0,0,0.0,0,0.0,0,0.0,0,0.0,0,0.0,0,0.0,0,0.0,0,0.0
1163,Texte,0,0.0,0,0.0,0,0.0,0,0.0,1,1.0,0,0.0,0,0.0,0,0.0,1,1.0
1164,Texte,0,0.0,0,0.0,0,0.0,0,0.0,1,1.0,0,0.0,0,0.0,0,0.0,0,0.0
1165,Texte,0,0.0,0,0.0,0,0.0,0,0.0,0,0.0,0,0.0,0,0.0,1,0.5,0,0.0
1166,Texte,0,0.0,0,0.0,0,0.0,0,0.0,0,0.0,0,0.0,0,0.0,3,3.0,0,0.0
1167,Texte,0,0.0,0,0.0,0,0.0,0,0.0,1,1.0,0,0.0,0,0.0,2,2.0,0,0.0
1168,Texte,0,0.0,0,0.0,0,0.0,0,0.0,0,0.0,0,0.0,0,0.0,0,0.0,0,0.0
1169,Texte,0,0.0,0,0.0,0,0.0,0,0.0,3,3.0,0,0.0,0,0.0,2,2.0,0,0.0
1170,Texte,0,0.0,0,0.0,0,0.0,0,0.0,2,2.0,0,0.0,0,0.0,0,0.0,0,0.0
1171,Texte,0,0.0,0,0.0,0,0.0,0,0.0,3,3.0,0,0.0,0,0.0,0,0.0,0,0.0
1172,Texte,0,0.0,0,0.0,0,0.0,0,0.0,0,0.0,0,0.0,0,0.0,0,0.0,0,0.0
1173,Texte,0,0.0,0,0.0,0,0.0,0,0.0,3,3.0,0,0.0,0,0.0,0,0.0,0,0.0
1174,Texte,0,0.0,0,0.0,0,0.0,0,0.0,0,0.0,0,0.0,0,0.0,2,2.0,0,0.0
1175,Texte,0,0.0,0,0.0,0,0.0,0,0.0,1,1.0,0,0.0,0,0.0,0,0.0,0,0.0
1176,Texte,0,0.0,0,0.0,0,0.0,0,0.0,0,0.0,0,0.0,0,0.0,0,0.0,0,0.0
1177,Texte,0,0.0,0,0.0,0,0.0,0,0.0,1,1.0,0,0.0,0,0.0,1,1.0,1,1.0
1178,Texte,0,0.0,0,0.0,0,0.0,0,0.0,0,0.0,0,0.0,0,0.0,6,6.0,0,0.0
1179,Texte,0,0.0,0,0.0,0,0.0,0,0.0,1,1.0,0,0.0,0,0.0,6,6.0,0,0.0
1180,Texte,0,0.0,0,0.0,0,0.0,0,0.0,0,0.0,0,0.0,0,0.0,0,0.0,0,0.0
1181,Texte,0,0.0,0,0.0,0,0.0,0,0.0,1,1.0,0,0.0,0,0.0,1,1.0,0,0.0
1182,Texte,0,0.0,0,0.0,0,0.0,0,0.0,5,5.0,0,0.0,0,0.0,1,1.0,2,2.0
1183,Texte,0,0.0,0,0.0,0,0.0,0,0.0,0,0.0,0,0.0,0,0.0,5,5.0,0,0.0
1184,Texte,0,0.0,0,0.0,0,0.0,0,0.0,1,1.0,0,0.0,0,0.0,0,0.0,0,0.0
1185,Texte,0,0.0,0,0.0,0,0.0,0,0.0,0,0.0,0,0.0,0,0.0,2,2.0,0,0.0
1186,Texte,0,0.0,0,0.0,0,0.0,0,0.0,0,0.0,0,0.0,0,0.0,0,0.0,0,0.0
1187,Texte,0,0.0,0,0.0,0,0.0,0,0.0,0,0.0,0,0.0,0,0.0,0,0.0,0,0.0
1188,Texte,0,0.0,0,0.0,0,0.0,0,0.0,2,2.0,0,0.0,0,0.0,2,2.0,1,1.0
1189,Texte,0,0.0,0,0.0,0,0.0,0,0.0,0,0.0,0,0.0,0,0.0,2,2.0,0,0.0
1190,Texte,0,0.0,0,0.0,0,0.0,0,0.0,1,1.0,0,0.0,0,0.0,1,1.0,0,0.0
1191,Texte,0,0.0,0,0.0,0,0.0,0,0.0,0,0.0,0,0.0,0,0.0,3,3.0,0,0.0
1192,Texte,0,0.0,0,0.0,0,0.0,0,0.0,0,0.0,0,0.0,0,0.0,0,0.0,0,0.0
1193,Texte,0,0.0,0,0.0,0,0.0,0,0.0,0,0.0,0,0.0,0,0.0,0,0.0,0,0.0
1194,Texte,0,0.0,0,0.0,0,0.0,0,0.0,1,1.0,0,0.0,0,0.0,1,1.0,0,0.0
1195,Texte,0,0.0,0,0.0,0,0.0,0,0.0,2,2.0,1,1.0,0,0.0,2,2.0,0,0.0
1196,Texte,0,0.0,0,0.0,0,0.0,0,0.0,0,0.0,0,0.0,0,0.0,0,0.0,1,1.0
1197,Texte,0,0.0,0,0.0,0,0.0,0,0.0,0,0.0,1,1.0,0,0.0,0,0.0,0,0.0
1198,Texte,0,0.0,0,0.0,0,0.0,0,0.0,1,1.0,0,0.0,0,0.0,1,1.0,0,0.0
1199,Texte,0,0.0,0,0.0,1,1.0,0,0.0,2,2.0,0,0.0,0,0.0,1,1.0,0,0.0
1200,Texte,0,0.0,0,0.0,0,0.0,0,0.0,2,2.0,0,0.0,0,0.0,2,2.0,0,0.0
1201,Texte,0,0.0,0,0.0,0,0.0,0,0.0,0,0.0,0,0.0,0,0.0,0,0.0,0,0.0
1202,Texte,0,0.0,0,0.0,0,0.0,0,0.0,1,1.0,0,0.0,0,0.0,0,0.0,0,0.0
1203,Texte,0,0.0,0,0.0,0,0.0,0,0.0,0,0.0,0,0.0,0,0.0,0,0.0,0,0.0
1204,Texte,0,0.0,0,0.0,0,0.0,0,0.0,2,2.0,0,0.0,0,0.0,1,1.0,0,0.0
1205,Texte,0,0.0,0,0.0,0,0.0,0,0.0,2,2.0,0,0.0,0,0.0,4,4.0,1,1.0
1206,Texte,0,0.0,0,0.0,0,0.0,0,0.0,0,0.0,1,1.0,0,0.0,0,0.0,0,0.0
1207,Texte,0,0.0,0,0.0,0,0.0,0,0.0,0,0.0,0,0.0,0,0.0,0,0.0,0,0.0
1208,Texte,0,0.0,0,0.0,0,0.0,0,0.0,1,1.0,0,0.0,0,0.0,1,1.0,0,0.0
1209,Texte,0,0.0,0,0.0,0,0.0,0,0.0,1,1.0,0,0.0,0,0.0,0,0.0,0,0.0
1210,Texte,0,0.0,0,0.0,0,0.0,0,0.0,0,0.0,0,0.0,0,0.0,0,0.0,0,0.0
1211,Texte,0,0.0,0,0.0,0,0.0,0,0.0,1,1.0,0,0.0,0,0.0,0,0.0,0,0.0
1212,Texte,0,0.0,0,0.0,0,0.0,0,0.0,2,2.0,0,0.0,0,0.0,2,2.0,0,0.0
1213,Texte,0,0.0,0,0.0,0,0.0,0,0.0,1,1.0,0,0.0,0,0.0,1,1.0,0,0.0
1214,Texte,0,0.0,0,0.0,0,0.0,0,0.0,2,2.0,0,0.0,0,0.0,2,2.0,1,1.0
1215,Texte,0,0.0,0,0.0,0,0.0,0,0.0,1,1.0,0,0.0,0,0.0,2,2.0,0,0.0
1216,Texte,0,0.0,0,0.0,0,0.0,0,0.0,2,2.0,0,0.0,0,0.0,0,0.0,0,0.0
1217,Texte,0,0.0,0,0.0,0,0.0,0,0.0,1,1.0,0,0.0,0,0.0,0,0.0,0,0.0
1218,Texte,0,0.0,0,0.0,0,0.0,0,0.0,1,1.0,1,1.0,0,0.0,1,1.0,0,0.0
1219,Texte,0,0.0,0,0.0,0,0.0,0,0.0,0,0.0,0,0.0,0,0.0,4,4.0,1,1.0
1220,Texte,0,0.0,0,0.0,0,0.0,0,0.0,0,0.0,0,0.0,0,0.0,1,1.0,0,0.0
1221,Texte,0,0.0,0,0.0,0,0.0,0,0.0,1,1.0,0,0.0,0,0.0,0,0.0,0,0.0
1222,Texte,0,0.0,0,0.0,0,0.0,0,0.0,1,1.0,0,0.0,0,0.0,3,3.0,0,0.0
1223,Texte,0,0.0,0,0.0,0,0.0,0,0.0,1,1.0,0,0.0,0,0.0,2,2.0,0,0.0
1224,Texte,0,0.0,0,0.0,0,0.0,0,0.0,0,0.0,0,0.0,0,0.0,1,1.0,0,0.0
1225,Texte,0,0.0,0,0.0,0,0.0,0,0.0,1,1.0,0,0.0,0,0.0,2,2.0,0,0.0
1226,Texte,0,0.0,0,0.0,0,0.0,0,0.0,3,3.0,0,0.0,0,0.0,2,2.0,1,1.0
1227,Texte,0,0.0,0,0.0,0,0.0,0,0.0,1,1.0,0,0.0,0,0.0,3,3.0,0,0.0
1228,Texte,0,0.0,0,0.0,0,0.0,0,0.0,0,0.0,0,0.0,0,0.0,4,4.0,0,0.0
1229,Texte,0,0.0,0,0.0,0,0.0,0,0.0,1,1.0,1,1.0,0,0.0,2,2.0,0,0.0
1230,Texte,0,0.0,0,0.0,0,0.0,0,0.0,1,1.0,0,0.0,0,0.0,0,0.0,0,0.0
1231,Texte,0,0.0,0,0.0,0,0.0,0,0.0,0,0.0,0,0.0,0,0.0,0,0.0,0,0.0
1232,Texte,0,0.0,0,0.0,0,0.0,0,0.0,0,0.0,0,0.0,0,0.0,1,1.0,0,0.0
1233,Texte,0,0.0,0,0.0,0,0.0,0,0.0,1,1.0,0,0.0,0,0.0,1,1.0,1,1.0
1234,Texte,0,0.0,0,0.0,0,0.0,0,0.0,0,0.0,0,0.0,0,0.0,1,1.0,0,0.0
1235,Texte,0,0.0,0,0.0,0,0.0,0,0.0,1,1.0,0,0.0,0,0.0,3,3.0,0,0.0
1236,Texte,0,0.0,0,0.0,0,0.0,0,0.0,1,1.0,0,0.0,0,0.0,1,1.0,0,0.0
1237,Texte,0,0.0,0,0.0,0,0.0,0,0.0,1,1.0,1,1.0,0,0.0,1,1.0,0,0.0
1238,Texte,0,0.0,0,0.0,0,0.0,0,0.0,1,1.0,0,0.0,0,0.0,1,1.0,1,1.0
1239,Texte,0,0.0,0,0.0,0,0.0,0,0.0,1,1.0,0,0.0,0,0.0,1,1.0,1,1.0
1240,Texte,0,0.0,0,0.0,0,0.0,0,0.0,1,1.0,0,0.0,0,0.0,0,0.0,0,0.0
1241,Texte,0,0.0,0,0.0,0,0.0,0,0.0,1,1.0,0,0.0,0,0.0,2,2.0,0,0.0
1242,Texte,0,0.0,0,0.0,1,1.0,0,0.0,2,2.0,0,0.0,0,0.0,1,1.0,0,0.0
1243,Texte,0,0.0,0,0.0,0,0.0,0,0.0,0,0.0,0,0.0,0,0.0,2,2.0,1,1.0
1244,Texte,0,0.0,0,0.0,0,0.0,0,0.0,2,2.0,0,0.0,0,0.0,0,0.0,0,0.0
1245,Texte,0,0.0,0,0.0,0,0.0,0,0.0,2,2.0,1,1.0,0,0.0,0,0.0,0,0.0
1246,Texte,0,0.0,0,0.0,0,0.0,0,0.0,1,1.0,0,0.0,0,0.0,0,0.0,0,0.0
1247,Texte,0,0.0,0,0.0,0,0.0,0,0.0,0,0.0,1,1.0,0,0.0,1,1.0,0,0.0
1248,Texte,0,0.0,0,0.0,0,0.0,0,0.0,2,2.0,2,2.0,0,0.0,1,1.0,0,0.0
1249,Texte,0,0.0,0,0.0,0,0.0,0,0.0,1,1.0,0,0.0,0,0.0,0,0.0,0,0.0
1250,Texte,0,0.0,0,0.0,0,0.0,0,0.0,1,1.0,0,0.0,0,0.0,0,0.0,1,1.0
1251,Texte,0,0.0,0,0.0,0,0.0,0,0.0,0,0.0,0,0.0,0,0.0,1,1.0,0,0.0
1252,Texte,0,0.0,0,0.0,0,0.0,0,0.0,0,0.0,0,0.0,0,0.0,2,2.0,0,0.0
1253,Texte,0,0.0,0,0.0,0,0.0,0,0.0,1,1.0,0,0.0,0,0.0,1,1.0,0,0.0
1254,Texte,0,0.0,0,0.0,0,0.0,0,0.0,0,0.0,0,0.0,0,0.0,1,1.0,0,0.0
1255,Texte,0,0.0,0,0.0,0,0.0,0,0.0,0,0.0,0,0.0,0,0.0,0,0.0,0,0.0
1256,Texte,0,0.0,0,0.0,0,0.0,0,0.0,2,2.0,1,1.0,0,0.0,1,1.0,0,0.0
1257,Texte,0,0.0,0,0.0,0,0.0,0,0.0,0,0.0,0,0.0,0,0.0,2,2.0,0,0.0
1258,Texte,0,0.0,0,0.0,0,0.0,0,0.0,0,0.0,0,0.0,0,0.0,0,0.0,0,0.0
1259,Texte,0,0.0,0,0.0,0,0.0,0,0.0,1,1.0,2,2.0,0,0.0,0,0.0,1,1.0
1260,Texte,0,0.0,0,0.0,0,0.0,0,0.0,0,0.0,0,0.0,0,0.0,1,1.0,0,0.0
1261,Texte,0,0.0,0,0.0,0,0.0,0,0.0,1,1.0,0,0.0,0,0.0,1,1.0,0,0.0
1262,Texte,0,0.0,0,0.0,0,0.0,0,0.0,1,1.0,0,0.0,0,0.0,2,2.0,0,0.0
1263,Texte,0,0.0,0,0.0,0,0.0,0,0.0,0,0.0,0,0.0,0,0.0,1,1.0,0,0.0
1264,Texte,0,0.0,0,0.0,0,0.0,0,0.0,1,1.0,0,0.0,0,0.0,1,1.0,0,0.0
1265,Texte,0,0.0,0,0.0,0,0.0,0,0.0,1,1.0,0,0.0,0,0.0,0,0.0,0,0.0
1266,Texte,0,0.0,0,0.0,0,0.0,0,0.0,2,2.0,0,0.0,0,0.0,3,3.0,0,0.0
1267,Texte,0,0.0,0,0.0,0,0.0,0,0.0,0,0.0,0,0.0,0,0.0,0,0.0,0,0.0
1268,Texte,0,0.0,0,0.0,0,0.0,0,0.0,0,0.0,0,0.0,0,0.0,4,4.0,0,0.0
1269,Texte,0,0.0,0,0.0,0,0.0,0,0.0,0,0.0,0,0.0,0,0.0,2,2.0,0,0.0
1270,Texte,0,0.0,0,0.0,0,0.0,0,0.0,1,1.0,0,0.0,0,0.0,0,0.0,0,0.0
1271,Texte,0,0.0,0,0.0,0,0.0,0,0.0,1,1.0,0,0.0,0,0.0,2,2.0,0,0.0
1272,Texte,0,0.0,0,0.0,0,0.0,0,0.0,0,0.0,0,0.0,0,0.0,2,2.0,0,0.0
1273,Texte,0,0.0,0,0.0,0,0.0,0,0.0,0,0.0,0,0.0,0,0.0,2,2.0,0,0.0
1274,Texte,0,0.0,0,0.0,0,0.0,0,0.0,0,0.0,0,0.0,0,0.0,4,4.0,0,0.0
1275,Texte,0,0.0,0,0.0,0,0.0,0,0.0,0,0.0,0,0.0,0,0.0,1,1.0,0,0.0
1276,Texte,0,0.0,0,0.0,0,0.0,0,0.0,0,0.0,0,0.0,0,0.0,0,0.0,0,0.0
1277,Texte,0,0.0,0,0.0,0,0.0,0,0.0,0,0.0,0,0.0,0,0.0,0,0.0,0,0.0
1278,Texte,0,0.0,0,0.0,0,0.0,0,0.0,1,1.0,0,0.0,0,0.0,0,0.0,0,0.0
1279,Texte,0,0.0,0,0.0,0,0.0,0,0.0,1,1.0,0,0.0,0,0.0,2,2.0,0,0.0
1280,Texte,0,0.0,0,0.0,0,0.0,0,0.0,0,0.0,0,0.0,0,0.0,4,4.0,1,1.0
1281,Texte,0,0.0,0,0.0,0,0.0,0,0.0,0,0.0,0,0.0,0,0.0,0,0.0,0,0.0
1282,Texte,0,0.0,0,0.0,0,0.0,0,0.0,0,0.0,0,0.0,0,0.0,0,0.0,0,0.0
1283,Texte,0,0.0,0,0.0,0,0.0,0,0.0,1,1.0,0,0.0,0,0.0,2,2.0,0,0.0
1284,Texte,0,0.0,0,0.0,0,0.0,0,0.0,0,0.0,0,0.0,0,0.0,0,0.0,0,0.0
1285,Texte,0,0.0,0,0.0,0,0.0,0,0.0,1,1.0,0,0.0,0,0.0,0,0.0,0,0.0
1286,Texte,0,0.0,0,0.0,0,0.0,0,0.0,1,1.0,0,0.0,0,0.0,1,1.0,0,0.0
1287,Texte,0,0.0,0,0.0,0,0.0,0,0.0,0,0.0,0,0.0,0,0.0,1,1.0,0,0.0
1288,Texte,0,0.0,0,0.0,0,0.0,0,0.0,1,1.0,0,0.0,0,0.0,1,1.0,0,0.0
1289,Texte,0,0.0,0,0.0,0,0.0,0,0.0,1,1.0,0,0.0,0,0.0,2,2.0,0,0.0
1290,Texte,0,0.0,0,0.0,0,0.0,0,0.0,0,0.0,0,0.0,0,0.0,1,1.0,0,0.0
1291,Texte,0,0.0,0,0.0,0,0.0,0,0.0,0,0.0,0,0.0,0,0.0,5,5.0,0,0.0
1292,Texte,0,0.0,0,0.0,0,0.0,0,0.0,1,1.0,0,0.0,0,0.0,2,2.0,1,1.0
1293,Texte,0,0.0,0,0.0,0,0.0,0,0.0,0,0.0,0,0.0,0,0.0,2,2.0,0,0.0
1294,Texte,0,0.0,0,0.0,1,1.0,0,0.0,1,1.0,0,0.0,0,0.0,1,1.0,0,0.0
1295,Texte,0,0.0,0,0.0,0,0.0,0,0.0,2,2.0,0,0.0,0,0.0,2,2.0,0,0.0
1296,Texte,0,0.0,0,0.0,0,0.0,0,0.0,1,1.0,0,0.0,0,0.0,0,0.0,0,0.0
1297,Texte,0,0.0,0,0.0,0,0.0,0,0.0,0,0.0,0,0.0,0,0.0,0,0.0,0,0.0
1298,Texte,0,0.0,0,0.0,0,0.0,0,0.0,2,2.0,1,1.0,0,0.0,5,5.0,0,0.0
1299,Texte,0,0.0,0,0.0,0,0.0,0,0.0,1,1.0,1,1.0,0,0.0,1,1.0,0,0.0
1300,Texte,0,0.0,0,0.0,0,0.0,0,0.0,4,4.0,0,0.0,0,0.0,3,3.0,1,1.0
1301,Texte,0,0.0,0,0.0,0,0.0,0,0.0,1,1.0,0,0.0,0,0.0,0,0.0,0,0.0
1302,Texte,0,0.0,0,0.0,0,0.0,0,0.0,0,0.0,0,0.0,0,0.0,1,1.0,0,0.0
1303,Texte,0,0.0,0,0.0,0,0.0,0,0.0,1,1.0,0,0.0,0,0.0,2,2.0,0,0.0
1304,Texte,0,0.0,0,0.0,0,0.0,0,0.0,1,1.0,0,0.0,0,0.0,2,2.0,0,0.0
1305,Texte,0,0.0,0,0.0,0,0.0,0,0.0,4,4.0,0,0.0,0,0.0,1,1.0,0,0.0
1306,Texte,0,0.0,0,0.0,0,0.0,0,0.0,0,0.0,0,0.0,0,0.0,0,0.0,2,2.0
1307,Texte,0,0.0,0,0.0,0,0.0,0,0.0,2,2.0,1,1.0,0,0.0,1,1.0,0,0.0
1308,Texte,0,0.0,0,0.0,0,0.0,0,0.0,1,1.0,0,0.0,0,0.0,0,0.0,0,0.0
1309,Texte,0,0.0,0,0.0,0,0.0,0,0.0,1,1.0,0,0.0,0,0.0,0,0.0,0,0.0
1310,Texte,0,0.0,0,0.0,0,0.0,0,0.0,0,0.0,0,0.0,0,0.0,1,1.0,0,0.0
1311,Texte,0,0.0,0,0.0,0,0.0,0,0.0,0,0.0,0,0.0,0,0.0,2,2.0,0,0.0
1312,Texte,0,0.0,0,0.0,0,0.0,0,0.0,0,0.0,0,0.0,0,0.0,0,0.0,0,0.0
1313,Texte,0,0.0,0,0.0,0,0.0,0,0.0,1,1.0,0,0.0,0,0.0,2,2.0,0,0.0
1314,Texte,0,0.0,0,0.0,0,0.0,0,0.0,2,2.0,0,0.0,0,0.0,2,2.0,0,0.0
1315,Texte,0,0.0,0,0.0,0,0.0,0,0.0,1,1.0,0,0.0,0,0.0,0,0.0,0,0.0
1316,Texte,0,0.0,0,0.0,0,0.0,0,0.0,0,0.0,0,0.0,0,0.0,0,0.0,0,0.0
1317,Texte,0,0.0,0,0.0,0,0.0,0,0.0,0,0.0,1,1.0,0,0.0,3,3.0,1,1.0
1318,Texte,0,0.0,0,0.0,0,0.0,0,0.0,2,2.0,0,0.0,0,0.0,0,0.0,0,0.0
1319,Texte,0,0.0,0,0.0,0,0.0,0,0.0,1,1.0,0,0.0,0,0.0,0,0.0,0,0.0
1320,Texte,0,0.0,0,0.0,0,0.0,0,0.0,1,1.0,0,0.0,0,0.0,2,2.0,1,1.0
1321,Texte,0,0.0,0,0.0,0,0.0,0,0.0,0,0.0,0,0.0,0,0.0,0,0.0,1,1.0
1322,Texte,0,0.0,0,0.0,0,0.0,0,0.0,1,1.0,0,0.0,0,0.0,0,0.0,0,0.0
1323,Texte,0,0.0,0,0.0,0,0.0,0,0.0,1,1.0,0,0.0,0,0.0,1,1.0,2,2.0
1324,Texte,0,0.0,0,0.0,0,0.0,0,0.0,0,0.0,0,0.0,0,0.0,0,0.0,0,0.0
1325,Texte,0,0.0,0,0.0,0,0.0,0,0.0,2,2.0,0,0.0,0,0.0,0,0.0,0,0.0
1326,Texte,0,0.0,0,0.0,0,0.0,0,0.0,1,1.0,0,0.0,0,0.0,2,2.0,0,0.0
1327,Texte,0,0.0,0,0.0,0,0.0,0,0.0,0,0.0,0,0.0,0,0.0,0,0.0,1,1.0
1328,Texte,0,0.0,0,0.0,0,0.0,0,0.0,0,0.0,0,0.0,0,0.0,0,0.0,0,0.0
1329,Texte,0,0.0,0,0.0,0,0.0,0,0.0,1,1.0,0,0.0,0,0.0,2,2.0,0,0.0
1330,Texte,0,0.0,0,0.0,0,0.0,0,0.0,0,0.0,0,0.0,0,0.0,0,0.0,0,0.0
1331,Texte,0,0.0,0,0.0,0,0.0,0,0.0,1,1.0,1,1.0,0,0.0,2,2.0,1,1.0
1332,Texte,0,0.0,0,0.0,0,0.0,0,0.0,2,2.0,0,0.0,0,0.0,0,0.0,1,1.0
1333,Texte,0,0.0,0,0.0,0,0.0,0,0.0,1,1.0,1,1.0,0,0.0,1,1.0,0,0.0
1334,Texte,0,0.0,0,0.0,0,0.0,0,0.0,2,2.0,0,0.0,0,0.0,2,2.0,2,2.0
1335,Texte,0,0.0,0,0.0,0,0.0,0,0.0,1,1.0,0,0.0,0,0.0,0,0.0,0,0.0
1336,Texte,0,0.0,0,0.0,0,0.0,0,0.0,0,0.0,0,0.0,0,0.0,1,1.0,0,0.0
1337,Texte,0,0.0,0,0.0,0,0.0,0,0.0,2,2.0,1,1.0,0,0.0,0,0.0,0,0.0
1338,Texte,0,0.0,0,0.0,0,0.0,0,0.0,1,1.0,0,0.0,0,0.0,0,0.0,0,0.0
1339,Texte,0,0.0,0,0.0,0,0.0,0,0.0,1,1.0,1,1.0,0,0.0,1,1.0,0,0.0
1340,Texte,0,0.0,0,0.0,0,0.0,0,0.0,1,1.0,0,0.0,0,0.0,1,1.0,1,1.0
1341,Texte,0,0.0,0,0.0,0,0.0,0,0.0,1,1.0,0,0.0,0,0.0,0,0.0,0,0.0
1342,Texte,0,0.0,0,0.0,1,1.0,0,0.0,1,1.0,0,0.0,0,0.0,3,3.0,0,0.0
1343,Texte,0,0.0,0,0.0,0,0.0,0,0.0,1,1.0,0,0.0,0,0.0,1,1.0,0,0.0
1344,Texte,0,0.0,0,0.0,0,0.0,0,0.0,1,1.0,1,1.0,0,0.0,0,0.0,0,0.0
1345,Texte,0,0.0,0,0.0,0,0.0,0,0.0,1,1.0,0,0.0,0,0.0,0,0.0,0,0.0
1346,Texte,0,0.0,0,0.0,0,0.0,0,0.0,1,1.0,0,0.0,0,0.0,1,1.0,1,1.0
1347,Texte,0,0.0,0,0.0,0,0.0,0,0.0,1,1.0,0,0.0,0,0.0,1,1.0,1,1.0
1348,Texte,0,0.0,0,0.0,0,0.0,0,0.0,3,3.0,0,0.0,0,0.0,0,0.0,1,1.0
1349,Texte,0,0.0,0,0.0,0,0.0,0,0.0,0,0.0,0,0.0,0,0.0,1,1.0,0,0.0
1350,Texte,0,0.0,0,0.0,0,0.0,0,0.0,1,1.0,0,0.0,0,0.0,0,0.0,0,0.0
1351,Texte,0,0.0,0,0.0,0,0.0,0,0.0,0,0.0,0,0.0,0,0.0,1,1.0,0,0.0
1352,Texte,0,0.0,0,0.0,0,0.0,0,0.0,2,2.0,0,0.0,0,0.0,2,2.0,0,0.0
1353,Texte,0,0.0,0,0.0,0,0.0,0,0.0,0,0.0,0,0.0,0,0.0,0,0.0,0,0.0
1354,Texte,0,0.0,0,0.0,0,0.0,0,0.0,0,0.0,0,0.0,0,0.0,0,0.0,1,1.0
1355,Texte,0,0.0,0,0.0,0,0.0,0,0.0,1,1.0,0,0.0,0,0.0,0,0.0,2,2.0
1356,Texte,0,0.0,0,0.0,0,0.0,0,0.0,1,1.0,0,0.0,0,0.0,0,0.0,2,2.0
1357,Texte,0,0.0,0,0.0,0,0.0,0,0.0,0,0.0,1,1.0,0,0.0,0,0.0,0,0.0
1358,Texte,0,0.0,0,0.0,0,0.0,0,0.0,0,0.0,0,0.0,0,0.0,0,0.0,0,0.0
1359,Texte,0,0.0,0,0.0,0,0.0,0,0.0,2,2.0,0,0.0,0,0.0,1,1.0,1,1.0
1360,Texte,0,0.0,0,0.0,0,0.0,0,0.0,1,1.0,0,0.0,0,0.0,1,1.0,0,0.0
1361,Texte,0,0.0,0,0.0,0,0.0,0,0.0,0,0.0,0,0.0,0,0.0,0,0.0,0,0.0
1362,Texte,0,0.0,0,0.0,0,0.0,0,0.0,0,0.0,0,0.0,0,0.0,0,0.0,0,0.0
1363,Texte,0,0.0,0,0.0,0,0.0,0,0.0,0,0.0,0,0.0,0,0.0,2,2.0,2,2.0
1364,Texte,0,0.0,0,0.0,0,0.0,0,0.0,1,1.0,0,0.0,0,0.0,1,1.0,1,1.0
1365,Texte,0,0.0,0,0.0,0,0.0,0,0.0,1,1.0,0,0.0,0,0.0,1,1.0,1,1.0
1366,Texte,0,0.0,0,0.0,0,0.0,0,0.0,1,1.0,0,0.0,0,0.0,0,0.0,1,1.0
1367,Texte,0,0.0,0,0.0,0,0.0,0,0.0,1,1.0,0,0.0,0,0.0,1,1.0,1,1.0
1368,Texte,0,0.0,0,0.0,0,0.0,0,0.0,3,3.0,0,0.0,0,0.0,0,0.0,0,0.0
1369,Texte,0,0.0,0,0.0,0,0.0,0,0.0,1,1.0,0,0.0,0,0.0,2,2.0,0,0.0
1370,Texte,0,0.0,0,0.0,0,0.0,0,0.0,0,0.0,0,0.0,0,0.0,0,0.0,0,0.0
1371,Texte,0,0.0,0,0.0,0,0.0,0,0.0,0,0.0,1,1.0,0,0.0,1,1.0,0,0.0
1372,Texte,0,0.0,0,0.0,0,0.0,0,0.0,1,1.0,1,1.0,0,0.0,0,0.0,2,2.0
1373,Texte,0,0.0,0,0.0,0,0.0,0,0.0,0,0.0,1,1.0,0,0.0,0,0.0,0,0.0
1374,Texte,0,0.0,0,0.0,0,0.0,0,0.0,1,1.0,0,0.0,0,0.0,0,0.0,0,0.0
1375,Texte,0,0.0,0,0.0,0,0.0,0,0.0,0,0.0,0,0.0,0,0.0,1,1.0,0,0.0
1376,Texte,0,0.0,0,0.0,0,0.0,0,0.0,1,1.0,0,0.0,0,0.0,1,1.0,0,0.0
1377,Texte,0,0.0,0,0.0,0,0.0,0,0.0,0,0.0,0,0.0,0,0.0,1,1.0,1,1.0
1378,Texte,0,0.0,0,0.0,0,0.0,0,0.0,1,1.0,0,0.0,0,0.0,0,0.0,0,0.0
1379,Texte,0,0.0,0,0.0,0,0.0,0,0.0,0,0.0,0,0.0,0,0.0,4,4.0,1,1.0
1380,Texte,0,0.0,0,0.0,0,0.0,0,0.0,0,0.0,0,0.0,0,0.0,1,1.0,0,0.0
1381,Texte,0,0.0,0,0.0,0,0.0,0,0.0,0,0.0,0,0.0,0,0.0,0,0.0,0,0.0
1382,Texte,0,0.0,0,0.0,0,0.0,0,0.0,3,3.0,0,0.0,0,0.0,2,2.0,0,0.0
1383,Texte,0,0.0,0,0.0,0,0.0,0,0.0,1,1.0,0,0.0,0,0.0,0,0.0,1,1.0
1384,Texte,0,0.0,0,0.0,0,0.0,0,0.0,6,6.0,2,2.0,0,0.0,10,10.0,0,0.0
1385,Texte,0,0.0,0,0.0,0,0.0,0,0.0,2,2.0,1,1.0,0,0.0,0,0.0,2,2.0
1386,Texte,0,0.0,0,0.0,0,0.0,0,0.0,3,3.0,1,1.0,0,0.0,1,1.0,0,0.0
1387,Texte,0,0.0,0,0.0,0,0.0,0,0.0,1,1.0,0,0.0,0,0.0,0,0.0,1,1.0
1388,Texte,0,0.0,0,0.0,0,0.0,0,0.0,2,2.0,0,0.0,0,0.0,3,3.0,0,0.0
1389,Texte,0,0.0,0,0.0,0,0.0,0,0.0,1,0.5,0,0.0,0,0.0,3,1.5,1,0.5
1390,Texte,0,0.0,0,0.0,1,1.0,0,0.0,2,2.0,1,1.0,0,0.0,1,1.0,0,0.0
1391,Texte,0,0.0,0,0.0,0,0.0,0,0.0,1,1.0,0,0.0,0,0.0,2,2.0,0,0.0
1392,Texte,0,0.0,0,0.0,0,0.0,0,0.0,2,2.0,0,0.0,0,0.0,1,1.0,0,0.0
1393,Texte,0,0.0,0,0.0,0,0.0,0,0.0,0,0.0,0,0.0,0,0.0,0,0.0,0,0.0
1394,Texte,0,0.0,0,0.0,0,0.0,0,0.0,1,1.0,0,0.0,0,0.0,0,0.0,1,1.0
1395,Texte,0,0.0,0,0.0,0,0.0,0,0.0,0,0.0,0,0.0,0,0.0,5,5.0,1,1.0
1396,Texte,0,0.0,0,0.0,0,0.0,0,0.0,2,2.0,0,0.0,0,0.0,2,2.0,1,1.0
1397,Texte,0,0.0,0,0.0,0,0.0,0,0.0,1,1.0,0,0.0,0,0.0,1,1.0,1,1.0
1398,Texte,0,0.0,0,0.0,0,0.0,0,0.0,1,1.0,0,0.0,0,0.0,2,2.0,0,0.0
1399,Texte,0,0.0,0,0.0,0,0.0,0,0.0,2,2.0,0,0.0,0,0.0,0,0.0,1,1.0
1400,Texte,0,0.0,0,0.0,0,0.0,0,0.0,1,1.0,1,1.0,0,0.0,1,1.0,0,0.0
1401,Texte,0,0.0,0,0.0,0,0.0,0,0.0,1,1.0,0,0.0,0,0.0,0,0.0,1,1.0
1402,Texte,0,0.0,0,0.0,0,0.0,0,0.0,0,0.0,0,0.0,0,0.0,0,0.0,0,0.0
1403,Texte,0,0.0,0,0.0,0,0.0,0,0.0,3,3.0,0,0.0,0,0.0,1,1.0,0,0.0
1404,Texte,0,0.0,0,0.0,0,0.0,0,0.0,0,0.0,0,0.0,0,0.0,1,1.0,0,0.0
1405,Texte,0,0.0,0,0.0,0,0.0,0,0.0,1,1.0,0,0.0,0,0.0,1,1.0,0,0.0
1406,Texte,0,0.0,0,0.0,0,0.0,0,0.0,1,1.0,1,1.0,0,0.0,1,1.0,1,1.0
1407,Texte,0,0.0,0,0.0,0,0.0,0,0.0,3,3.0,0,0.0,0,0.0,2,2.0,1,1.0
1408,Texte,0,0.0,0,0.0,0,0.0,0,0.0,2,2.0,0,0.0,0,0.0,1,1.0,0,0.0
1409,Texte,0,0.0,0,0.0,0,0.0,0,0.0,1,1.0,0,0.0,0,0.0,1,1.0,0,0.0
1410,Texte,0,0.0,0,0.0,0,0.0,0,0.0,2,2.0,1,1.0,0,0.0,0,0.0,0,0.0
1411,Texte,0,0.0,0,0.0,0,0.0,0,0.0,0,0.0,0,0.0,0,0.0,0,0.0,1,1.0
1412,Texte,0,0.0,0,0.0,0,0.0,0,0.0,2,2.0,0,0.0,0,0.0,0,0.0,0,0.0
1413,Texte,0,0.0,0,0.0,0,0.0,0,0.0,2,2.0,0,0.0,0,0.0,3,3.0,0,0.0
1414,Texte,0,0.0,0,0.0,0,0.0,0,0.0,1,1.0,0,0.0,0,0.0,1,1.0,0,0.0
1415,Texte,0,0.0,0,0.0,0,0.0,0,0.0,2,2.0,0,0.0,0,0.0,0,0.0,0,0.0
1416,Texte,0,0.0,0,0.0,0,0.0,0,0.0,4,4.0,1,1.0,0,0.0,3,3.0,0,0.0
1417,Texte,0,0.0,0,0.0,0,0.0,0,0.0,1,1.0,0,0.0,0,0.0,0,0.0,0,0.0
1418,Texte,0,0.0,0,0.0,1,1.0,0,0.0,1,1.0,1,1.0,0,0.0,0,0.0,0,0.0
1419,Texte,0,0.0,0,0.0,0,0.0,0,0.0,0,0.0,0,0.0,0,0.0,4,4.0,0,0.0
1420,Texte,0,0.0,0,0.0,0,0.0,0,0.0,4,4.0,0,0.0,0,0.0,1,1.0,0,0.0
1421,Texte,0,0.0,0,0.0,0,0.0,0,0.0,1,1.0,0,0.0,0,0.0,0,0.0,0,0.0
1422,Texte,0,0.0,0,0.0,0,0.0,0,0.0,0,0.0,0,0.0,0,0.0,0,0.0,0,0.0
1423,Texte,0,0.0,0,0.0,0,0.0,0,0.0,1,1.0,0,0.0,0,0.0,4,4.0,1,1.0
1424,Texte,0,0.0,0,0.0,0,0.0,0,0.0,0,0.0,0,0.0,0,0.0,0,0.0,0,0.0
1425,Texte,0,0.0,0,0.0,0,0.0,0,0.0,0,0.0,0,0.0,0,0.0,0,0.0,0,0.0
1426,Texte,0,0.0,0,0.0,0,0.0,0,0.0,0,0.0,0,0.0,0,0.0,2,2.0,1,1.0
1427,Texte,0,0.0,0,0.0,0,0.0,0,0.0,1,1.0,0,0.0,0,0.0,3,3.0,0,0.0
1428,Texte,0,0.0,0,0.0,1,1.0,0,0.0,1,1.0,0,0.0,0,0.0,3,3.0,0,0.0
1429,Texte,0,0.0,0,0.0,0,0.0,0,0.0,3,3.0,0,0.0,0,0.0,1,1.0,0,0.0
1430,Texte,0,0.0,0,0.0,0,0.0,0,0.0,1,1.0,1,1.0,0,0.0,0,0.0,0,0.0
1431,Texte,0,0.0,0,0.0,0,0.0,0,0.0,2,2.0,0,0.0,0,0.0,1,1.0,0,0.0
1432,Texte,0,0.0,0,0.0,1,1.0,0,0.0,5,5.0,1,1.0,0,0.0,1,1.0,1,1.0
1433,Texte,0,0.0,0,0.0,0,0.0,0,0.0,2,2.0,0,0.0,0,0.0,3,3.0,0,0.0
1434,Texte,0,0.0,0,0.0,0,0.0,0,0.0,2,2.0,0,0.0,0,0.0,2,2.0,0,0.0
1435,Texte,0,0.0,0,0.0,0,0.0,0,0.0,3,3.0,0,0.0,0,0.0,1,1.0,0,0.0
1436,Texte,0,0.0,0,0.0,0,0.0,0,0.0,0,0.0,0,0.0,0,0.0,1,1.0,0,0.0
1437,Texte,0,0.0,0,0.0,0,0.0,0,0.0,3,3.0,0,0.0,0,0.0,0,0.0,0,0.0
1438,Texte,0,0.0,0,0.0,0,0.0,0,0.0,1,1.0,0,0.0,0,0.0,0,0.0,0,0.0
1439,Texte,0,0.0,0,0.0,0,0.0,0,0.0,0,0.0,0,0.0,0,0.0,0,0.0,0,0.0
1440,Texte,0,0.0,0,0.0,1,1.0,0,0.0,4,4.0,0,0.0,0,0.0,1,1.0,0,0.0
1441,Texte,0,0.0,0,0.0,0,0.0,0,0.0,2,2.0,0,0.0,0,0.0,1,1.0,0,0.0
1442,Texte,0,0.0,0,0.0,0,0.0,0,0.0,3,3.0,0,0.0,0,0.0,3,3.0,2,2.0
1443,Texte,0,0.0,0,0.0,0,0.0,0,0.0,2,2.0,0,0.0,0,0.0,1,1.0,0,0.0
1444,Texte,0,0.0,0,0.0,0,0.0,0,0.0,2,2.0,0,0.0,0,0.0,1,1.0,0,0.0
1445,Texte,0,0.0,0,0.0,0,0.0,0,0.0,0,0.0,0,0.0,0,0.0,0,0.0,0,0.0
1446,Texte,0,0.0,0,0.0,0,0.0,0,0.0,2,2.0,1,1.0,0,0.0,0,0.0,0,0.0
1447,Texte,0,0.0,0,0.0,0,0.0,0,0.0,1,1.0,0,0.0,0,0.0,0,0.0,0,0.0
1448,Texte,0,0.0,0,0.0,0,0.0,0,0.0,1,1.0,0,0.0,0,0.0,1,1.0,0,0.0
1449,Texte,0,0.0,0,0.0,0,0.0,0,0.0,3,3.0,0,0.0,0,0.0,3,3.0,2,2.0
1450,Texte,0,0.0,0,0.0,0,0.0,0,0.0,1,1.0,0,0.0,0,0.0,0,0.0,1,1.0
1451,Texte,0,0.0,0,0.0,0,0.0,0,0.0,1,1.0,0,0.0,0,0.0,1,1.0,1,1.0
1452,Texte,0,0.0,0,0.0,0,0.0,0,0.0,2,2.0,0,0.0,0,0.0,1,1.0,1,1.0
1453,Texte,0,0.0,0,0.0,0,0.0,0,0.0,3,3.0,0,0.0,0,0.0,0,0.0,1,1.0
1454,Texte,0,0.0,0,0.0,0,0.0,0,0.0,3,3.0,0,0.0,0,0.0,1,1.0,1,1.0
1455,Texte,0,0.0,0,0.0,0,0.0,0,0.0,2,2.0,1,1.0,0,0.0,4,4.0,0,0.0
1456,Texte,0,0.0,0,0.0,1,1.0,0,0.0,1,1.0,0,0.0,0,0.0,1,1.0,0,0.0
1457,Texte,0,0.0,0,0.0,0,0.0,0,0.0,2,2.0,0,0.0,0,0.0,0,0.0,0,0.0
1458,Texte,0,0.0,0,0.0,0,0.0,0,0.0,1,1.0,0,0.0,0,0.0,0,0.0,0,0.0
1459,Texte,0,0.0,0,0.0,0,0.0,0,0.0,4,4.0,2,2.0,0,0.0,1,1.0,2,2.0
1460,Texte,0,0.0,0,0.0,0,0.0,0,0.0,1,1.0,0,0.0,0,0.0,0,0.0,0,0.0
1461,Texte,0,0.0,0,0.0,0,0.0,0,0.0,2,2.0,0,0.0,0,0.0,5,5.0,2,2.0
1462,Texte,0,0.0,0,0.0,0,0.0,0,0.0,4,4.0,1,1.0,0,0.0,2,2.0,1,1.0
1463,Texte,0,0.0,0,0.0,0,0.0,0,0.0,3,3.0,0,0.0,0,0.0,7,7.0,2,2.0
1464,Texte,0,0.0,0,0.0,0,0.0,0,0.0,1,1.0,1,1.0,0,0.0,0,0.0,1,1.0
1465,Texte,0,0.0,0,0.0,0,0.0,0,0.0,1,1.0,1,1.0,0,0.0,2,2.0,0,0.0
1466,Texte,0,0.0,0,0.0,1,1.0,0,0.0,6,6.0,1,1.0,0,0.0,4,4.0,1,1.0
1467,Texte,0,0.0,0,0.0,0,0.0,0,0.0,2,2.0,0,0.0,0,0.0,0,0.0,2,2.0
1468,Texte,0,0.0,0,0.0,0,0.0,0,0.0,2,2.0,0,0.0,0,0.0,1,1.0,0,0.0
1469,Texte,0,0.0,0,0.0,0,0.0,0,0.0,1,1.0,0,0.0,0,0.0,1,1.0,0,0.0
1470,Texte,0,0.0,0,0.0,0,0.0,0,0.0,0,0.0,0,0.0,0,0.0,0,0.0,0,0.0
1471,Texte,0,0.0,0,0.0,0,0.0,0,0.0,1,1.0,0,0.0,0,0.0,0,0.0,0,0.0
1472,Texte,0,0.0,0,0.0,0,0.0,0,0.0,1,1.0,0,0.0,0,0.0,1,1.0,0,0.0
1473,Texte,0,0.0,0,0.0,0,0.0,0,0.0,0,0.0,0,0.0,0,0.0,0,0.0,0,0.0
